seed,initialization,method,epoch,lr,active_method,val_macro_accuracy,val_accuracy,train_loss,optimizer_updates,train_seconds,epoch_seconds_with_probe,swaps,added_foreground,removed_foreground
0,scratch,dino,1,0.0001,dino,0.261,0.261,1.875222915649414,47,97.23802103591152,112.95447505102493,0.0,0.0,0.0
0,scratch,dino,2,0.0002,dino,0.324,0.324,1.769619551340739,47,98.02175902319141,114.7953413289506,0.0,0.0,0.0
0,scratch,dino,3,0.00030000000000000003,dino,0.356,0.356,1.7295842310587566,47,94.73004363500513,110.65792352706194,0.0,0.0,0.0
0,scratch,dino,4,0.0004,dino,0.37099999999999994,0.371,1.6690903692245482,47,94.25228607910685,110.08106059604324,0.0,0.0,0.0
0,scratch,dino,5,0.0005,dino,0.40599999999999997,0.406,1.6346950070063273,47,90.74236858799122,106.29307097289711,0.0,0.0,0.0
0,scratch,dino,6,0.0005,dino,0.41500000000000004,0.415,1.563050324122111,47,94.50967519287951,110.30195003002882,0.0,0.0,0.0
0,scratch,dino,7,0.0004998606701506985,dino,0.496,0.496,1.4829670305252076,47,94.96197857102379,110.82650451594964,0.0,0.0,0.0
0,scratch,dino,8,0.0004994428362164767,dino,0.457,0.457,1.4255416507720948,47,93.80708003696054,109.4770894239191,0.0,0.0,0.0
0,scratch,dino,9,0.0004987469648645818,dino,0.502,0.502,1.3776069418589274,47,94.7934954399243,110.37195015116595,0.0,0.0,0.0
0,scratch,dino,10,0.0004977738332946176,dino,0.507,0.507,1.3092274119059244,47,94.19243158586323,121.84926505200565,0.0,0.0,0.0
0,scratch,dino,11,0.0004965245283705121,dino,0.499,0.499,1.2727958103815715,47,94.5876504718326,110.23662745696492,0.0,0.0,0.0
0,scratch,dino,12,0.0004950004454066284,dino,0.534,0.534,1.2260436480840047,47,94.02586169098504,109.72910231607966,0.0,0.0,0.0
0,scratch,dino,13,0.0004932032866093767,dino,0.563,0.563,1.2030284264882405,47,94.35091071203351,110.08362243999727,0.0,0.0,0.0
0,scratch,dino,14,0.000491135059176067,dino,0.5479999999999999,0.548,1.1770654840469361,47,93.91482925089076,109.43676666496322,0.0,0.0,0.0
0,scratch,dino,15,0.0004887980730531247,dino,0.556,0.556,1.1322930793762207,47,94.47461943910457,110.58561689895578,0.0,0.0,0.0
0,scratch,dino,16,0.00048619493835617576,dino,0.561,0.561,1.104064332962036,47,94.06151032703929,109.58643943304196,0.0,0.0,0.0
0,scratch,dino,17,0.00048332856245487986,dino,0.5509999999999999,0.551,1.0739700374603272,47,96.33328940486535,112.10765693010762,0.0,0.0,0.0
0,scratch,dino,18,0.000480202146725769,dino,0.554,0.554,1.0535126430193582,47,94.37320304405876,109.88424844201654,0.0,0.0,0.0
0,scratch,dino,19,0.00047681918297671805,dino,0.5519999999999999,0.552,1.031982358932495,47,94.2328616278246,110.05554575496353,0.0,0.0,0.0
0,scratch,dino,20,0.0004731834495470404,dino,0.558,0.558,0.9927129510243734,47,94.12044042116031,109.9345594230108,0.0,0.0,0.0
0,scratch,dino,21,0.00046929900708756454,dino,0.577,0.577,0.9801030570665995,47,94.96481893304735,110.6986714110244,0.0,0.0,0.0
0,scratch,dino,22,0.0004651701940254048,dino,0.5579999999999999,0.558,0.9494288530349732,47,93.90345634310506,109.59033230599016,0.0,0.0,0.0
0,scratch,dino,23,0.00046080162171849087,dino,0.595,0.595,0.9325873727798462,47,93.50463803298771,109.18176357098855,0.0,0.0,0.0
0,scratch,dino,24,0.0004561981693052692,dino,0.548,0.548,0.9075599665641785,47,94.79016541293822,110.35923418798484,0.0,0.0,0.0
0,scratch,dino,25,0.00045136497825532695,dino,0.538,0.538,0.8838877046902974,47,94.50687665399164,123.31287645804696,0.0,0.0,0.0
0,scratch,dino,26,0.00044630744662702595,dino,0.585,0.585,0.8807049992879232,47,94.31760290893726,110.18519260897301,0.0,0.0,0.0
0,scratch,dino,27,0.0004410312230385594,dino,0.569,0.569,0.8260005712509155,47,94.34694589790888,110.37901093414985,0.0,0.0,0.0
0,scratch,dino,28,0.0004355422003591655,dino,0.5780000000000001,0.578,0.8276631218592326,47,93.78082537511364,109.30779840098694,0.0,0.0,0.0
0,scratch,dino,29,0.0004298465091275434,dino,0.568,0.568,0.7901185728708903,47,93.33752957289107,109.1740481609013,0.0,0.0,0.0
0,scratch,dino,30,0.0004239505107048233,dino,0.597,0.597,0.7678551343282064,47,94.55717955413274,110.36795871309005,0.0,0.0,0.0
0,scratch,dino,31,0.00041786079016973627,dino,0.573,0.573,0.7588239561716715,47,93.05854511586949,108.7484913370572,0.0,0.0,0.0
0,scratch,dino,32,0.00041158414896392116,dino,0.567,0.567,0.7002745006879171,47,94.02999244607054,109.75955556100234,0.0,0.0,0.0
0,scratch,dino,33,0.00040512759729558113,dino,0.5650000000000001,0.565,0.6917391319274903,47,94.7407471910119,110.30895175714977,0.0,0.0,0.0
0,scratch,dino,34,0.00039849834630997414,dino,0.583,0.583,0.6763489235242208,47,92.5652690178249,108.04901675810106,0.0,0.0,0.0
0,scratch,dino,35,0.0003917038000354835,dino,0.573,0.573,0.647764596939087,47,94.13853823393583,109.89679278200492,0.0,0.0,0.0
0,scratch,dino,36,0.0003847515471142615,dino,0.58,0.58,0.6430881311098735,47,94.9974578821566,110.80762960296124,0.0,0.0,0.0
0,scratch,dino,37,0.00037764935232668343,dino,0.5760000000000001,0.576,0.6006319044431051,47,94.51208996400237,110.82188583305106,0.0,0.0,0.0
0,scratch,dino,38,0.0003704051479190776,dino,0.581,0.581,0.5913256556193034,47,94.77455307799391,110.47939678700641,0.0,0.0,0.0
0,scratch,dino,39,0.00036302702474441743,dino,0.586,0.586,0.5706477902730306,47,96.90272341598757,112.47650033188984,0.0,0.0,0.0
0,scratch,dino,40,0.0003555232232258696,dino,0.5820000000000001,0.582,0.5459574308395386,47,93.64171606884338,109.42466264287941,0.0,0.0,0.0
0,scratch,dino,41,0.00034790212415329195,dino,0.568,0.568,0.528938048362732,47,94.23639328102581,109.98118835897185,0.0,0.0,0.0
0,scratch,dino,42,0.0003401722393229594,dino,0.5810000000000001,0.581,0.5168062880039215,47,94.36677058204077,109.95597749017179,0.0,0.0,0.0
0,scratch,dino,43,0.0003323422020309725,dino,0.5799999999999998,0.58,0.511686666170756,47,94.14270448405296,110.29156923503615,0.0,0.0,0.0
0,scratch,dino,44,0.0003244207574309657,dino,0.579,0.579,0.4895891286532084,47,93.07704825582914,109.0619965090882,0.0,0.0,0.0
0,scratch,dino,45,0.0003164167527668859,dino,0.572,0.572,0.46568931690851845,47,93.889966720948,109.49213332403451,0.0,0.0,0.0
0,scratch,dino,46,0.0003083391274917483,dino,0.5980000000000001,0.598,0.44808571926752727,47,94.0981947449036,109.78486644802615,0.0,0.0,0.0
0,scratch,dino,47,0.0003001969032834071,dino,0.5880000000000001,0.588,0.437499392747879,47,90.6289928520564,106.07680651801638,0.0,0.0,0.0
0,scratch,dino,48,0.00029199917396849096,dino,0.5890000000000001,0.589,0.43223760294914243,47,95.38518216996454,111.70484126196243,0.0,0.0,0.0
0,scratch,dino,49,0.0002837550953657579,dino,0.562,0.562,0.41789278078079223,47,96.35179794603027,111.95204257592559,0.0,0.0,0.0
0,scratch,dino,50,0.0002754738750602126,dino,0.587,0.587,0.4329183557828267,47,94.54554816801101,118.89365631900728,0.0,0.0,0.0
0,scratch,dino,51,0.00026716476211940786,dino,0.5529999999999999,0.553,0.4134406870206197,47,94.31842891592532,109.80279366089962,0.0,0.0,0.0
0,scratch,dino,52,0.00025883703676341484,dino,0.5700000000000001,0.57,0.38933315777778627,47,93.97935755108483,109.68751825811341,0.0,0.0,0.0
0,scratch,dino,53,0.0002505,dino,0.5910000000000001,0.591,0.3821687169075012,47,93.91308689885773,109.62809427198954,0.0,0.0,0.0
0,scratch,dino,54,0.00024216296323658525,dino,0.591,0.591,0.39301062846183776,47,93.83683453593403,109.67899928195402,0.0,0.0,0.0
0,scratch,dino,55,0.00023383523788059215,dino,0.5880000000000001,0.588,0.36135549942652384,47,95.71899067680351,112.0404996809084,0.0,0.0,0.0
0,scratch,dino,56,0.00022552612493978745,dino,0.592,0.592,0.3562740537325541,47,95.15488666808233,110.64109752001241,0.0,0.0,0.0
0,scratch,dino,57,0.00021724490463424225,dino,0.605,0.605,0.35324504137039187,47,94.61610066890717,110.1830846099183,0.0,0.0,0.0
0,scratch,dino,58,0.00020900082603150905,dino,0.596,0.596,0.34223464449246727,47,90.45373108494096,106.03202641080134,0.0,0.0,0.0
0,scratch,dino,59,0.00020080309671659293,dino,0.5800000000000001,0.58,0.32973215023676555,47,93.77269953815266,109.68271579197608,0.0,0.0,0.0
0,scratch,dino,60,0.00019266087250825167,dino,0.5810000000000001,0.581,0.33260957717895506,47,93.94145737797953,109.38794914912432,0.0,0.0,0.0
0,scratch,dino,61,0.00018458324723311413,dino,0.5899999999999999,0.59,0.3283282252947489,47,95.02252594800666,110.69924239907414,0.0,0.0,0.0
0,scratch,dino,62,0.00017657924256903434,dino,0.579,0.579,0.3192075621287028,47,94.3402545300778,110.05426126299426,0.0,0.0,0.0
0,scratch,dino,63,0.00016865779796902748,dino,0.591,0.591,0.31769855999946595,47,94.34616787894629,110.05271732294932,0.0,0.0,0.0
0,scratch,dino,64,0.00016082776067704059,dino,0.603,0.603,0.30808174363772073,47,93.47521257819608,109.02809933410026,0.0,0.0,0.0
0,scratch,dino,65,0.00015309787584670805,dino,0.58,0.58,0.30476636266708373,47,94.15805212012492,109.54720251797698,0.0,0.0,0.0
0,scratch,dino,66,0.00014547677677413047,dino,0.58,0.58,0.2994128723144531,47,94.63744501187466,110.44121202104725,0.0,0.0,0.0
0,scratch,dino,67,0.00013797297525558255,dino,0.582,0.582,0.29678152227401733,47,94.08525483892299,109.92022424796596,0.0,0.0,0.0
0,scratch,dino,68,0.00013059485208092238,dino,0.585,0.585,0.2932740519841512,47,96.09674830501899,112.21931037981994,0.0,0.0,0.0
0,scratch,dino,69,0.00012335064767331658,dino,0.587,0.587,0.28988724756240847,47,93.4232892121654,109.13655161112547,0.0,0.0,0.0
0,scratch,dino,70,0.00011624845288573853,dino,0.5730000000000001,0.573,0.28678060134251915,47,92.78027553204447,108.51128656999208,0.0,0.0,0.0
0,scratch,dino,71,0.00010929619996451647,dino,0.5960000000000001,0.596,0.2881989328066508,47,93.91494774096645,109.64100285479799,0.0,0.0,0.0
0,scratch,dino,72,0.00010250165369002587,dino,0.583,0.583,0.285236563205719,47,95.11529553402215,110.80611743987538,0.0,0.0,0.0
0,scratch,dino,73,9.587240270441893e-05,dino,0.574,0.574,0.2820258922576904,47,94.04540163697675,109.80958404997364,0.0,0.0,0.0
0,scratch,dino,74,8.941585103607879e-05,dino,0.584,0.584,0.27548146589597067,47,93.88941816892475,109.64831273397431,0.0,0.0,0.0
0,scratch,dino,75,8.313920983026379e-05,dino,0.587,0.587,0.27929043300946554,47,95.09922128007747,119.92955333599821,0.0,0.0,0.0
0,scratch,dino,76,7.704948929517675e-05,dino,0.603,0.603,0.271299880584081,47,94.52836826816201,110.10139127192087,0.0,0.0,0.0
0,scratch,dino,77,7.115349087245667e-05,dino,0.588,0.588,0.2694716372489929,47,94.68944661901332,110.7290852710139,0.0,0.0,0.0
0,scratch,dino,78,6.545779964083458e-05,dino,0.5900000000000001,0.59,0.26588217186927793,47,93.87706042989157,109.96150808501989,0.0,0.0,0.0
0,scratch,dino,79,5.996877696144067e-05,dino,0.591,0.591,0.2663038628896077,47,93.32395618408918,109.03085687593557,0.0,0.0,0.0
0,scratch,dino,80,5.4692553372974075e-05,dino,0.5880000000000001,0.588,0.26416414499282836,47,94.10744592896663,109.91316141700372,0.0,0.0,0.0
0,scratch,dino,81,4.963502174467306e-05,dino,0.597,0.597,0.2662301916281382,47,93.98706669989042,110.15480633894913,0.0,0.0,0.0
0,scratch,dino,82,4.480183069473086e-05,dino,0.585,0.585,0.2687685377597809,47,96.36093462002464,112.24895893107168,0.0,0.0,0.0
0,scratch,dino,83,4.019837828150914e-05,dino,0.587,0.587,0.2655126824378967,47,94.16029516002163,109.7674675739836,0.0,0.0,0.0
0,scratch,dino,84,3.5829805974595276e-05,dino,0.591,0.591,0.2627484107812246,47,94.78095226013102,110.51160077308305,0.0,0.0,0.0
0,scratch,dino,85,3.1700992912435456e-05,dino,0.5930000000000001,0.593,0.26277768715222677,47,93.83349253004417,109.51368154282682,0.0,0.0,0.0
0,scratch,dino,86,2.781655045295966e-05,dino,0.5940000000000001,0.594,0.2622847624619802,47,93.65934793907218,109.31877469597384,0.0,0.0,0.0
0,scratch,dino,87,2.4180817023281995e-05,dino,0.592,0.592,0.2619617857933044,46,93.33036682894453,109.21032073302194,0.0,0.0,0.0
0,scratch,dino,88,2.0797853274230994e-05,dino,0.593,0.593,0.26051380403836566,47,94.84187250002287,110.42009575804695,0.0,0.0,0.0
0,scratch,dino,89,1.7671437545120165e-05,dino,0.5890000000000001,0.589,0.2621090528170268,47,94.32801151298918,110.04540089308284,0.0,0.0,0.0
0,scratch,dino,90,1.480506164382429e-05,dino,0.594,0.594,0.2593692289193471,47,93.81926686293446,109.58233907818794,0.0,0.0,0.0
0,scratch,dino,91,1.220192694687535e-05,dino,0.5890000000000001,0.589,0.26331870071093244,47,94.44860147195868,110.13622175296769,0.0,0.0,0.0
0,scratch,dino,92,9.864940823933073e-06,dino,0.587,0.587,0.26009037892023723,47,93.56970376800746,109.42582756001502,0.0,0.0,0.0
0,scratch,dino,93,7.796713390623254e-06,dino,0.594,0.594,0.2608423353830973,47,94.291571555892,110.28345858491957,0.0,0.0,0.0
0,scratch,dino,94,5.999554593371605e-06,dino,0.5930000000000001,0.593,0.26234407035509744,47,94.56381005607545,110.16381903900765,0.0,0.0,0.0
0,scratch,dino,95,4.475471629487872e-06,dino,0.5879999999999999,0.588,0.2598352038860321,47,93.5381574598141,109.16340305306949,0.0,0.0,0.0
0,scratch,dino,96,3.2261667053823824e-06,dino,0.591,0.591,0.26165203189849856,47,93.74968299292959,109.51792466593906,0.0,0.0,0.0
0,scratch,dino,97,2.253035135418218e-06,dino,0.5900000000000001,0.59,0.25930821998914083,47,93.81684591015801,109.27853341796435,0.0,0.0,0.0
0,scratch,dino,98,1.5571637835232856e-06,dino,0.593,0.593,0.2633433567682902,46,93.09810880292207,108.79658268415369,0.0,0.0,0.0
0,scratch,dino,99,1.1393298493014743e-06,dino,0.592,0.592,0.2602921067078908,47,95.68093248014338,111.60476357094012,0.0,0.0,0.0
0,scratch,dino,100,1e-06,dino,0.592,0.592,0.2608608493010203,47,94.05848800204694,118.77327452786267,0.0,0.0,0.0
0,scratch,dino_paper_late,1,0.0001,dino_paper_late,0.261,0.261,1.875222915649414,47,95.41407231381163,111.02629152801819,0.0,0.0,0.0
0,scratch,dino_paper_late,2,0.0002,dino_paper_late,0.324,0.324,1.769619551340739,47,95.21992936101742,110.7381213051267,0.0,0.0,0.0
0,scratch,dino_paper_late,3,0.00030000000000000003,dino_paper_late,0.356,0.356,1.7295842310587566,47,94.16194591997191,109.63445908483118,0.0,0.0,0.0
0,scratch,dino_paper_late,4,0.0004,dino_paper_late,0.37099999999999994,0.371,1.6690903692245482,47,93.42128527001478,109.17379871406592,0.0,0.0,0.0
0,scratch,dino_paper_late,5,0.0005,dino_paper_late,0.40599999999999997,0.406,1.6346950070063273,47,94.50524051813409,110.26276410394348,0.0,0.0,0.0
0,scratch,dino_paper_late,6,0.0005,dino_paper_late,0.41500000000000004,0.415,1.563050324122111,47,94.42802330409177,110.1765875951387,0.0,0.0,0.0
0,scratch,dino_paper_late,7,0.0004998606701506985,dino_paper_late,0.496,0.496,1.4829670305252076,47,94.68367007304914,110.92091326601803,0.0,0.0,0.0
0,scratch,dino_paper_late,8,0.0004994428362164767,dino_paper_late,0.457,0.457,1.4255416507720948,47,93.88053150707856,109.46871823305264,0.0,0.0,0.0
0,scratch,dino_paper_late,9,0.0004987469648645818,dino_paper_late,0.502,0.502,1.3776069418589274,47,94.13523776712827,109.973011712078,0.0,0.0,0.0
0,scratch,dino_paper_late,10,0.0004977738332946176,dino_paper_late,0.507,0.507,1.3092274119059244,47,95.48277408303693,122.8872428839095,0.0,0.0,0.0
0,scratch,dino_paper_late,11,0.0004965245283705121,dino_paper_late,0.499,0.499,1.2727958103815715,47,95.45104555087164,110.91338997799903,0.0,0.0,0.0
0,scratch,dino_paper_late,12,0.0004950004454066284,dino_paper_late,0.534,0.534,1.2260436480840047,47,94.19747024704702,110.1374048970174,0.0,0.0,0.0
0,scratch,dino_paper_late,13,0.0004932032866093767,dino_paper_late,0.563,0.563,1.2030284264882405,47,95.05355772282928,111.11341640003957,0.0,0.0,0.0
0,scratch,dino_paper_late,14,0.000491135059176067,dino_paper_late,0.5479999999999999,0.548,1.1770654840469361,47,94.58756308699958,110.14113860321231,0.0,0.0,0.0
0,scratch,dino_paper_late,15,0.0004887980730531247,dino_paper_late,0.556,0.556,1.1322930793762207,47,95.06705290195532,110.77580075594597,0.0,0.0,0.0
0,scratch,dino_paper_late,16,0.00048619493835617576,dino_paper_late,0.561,0.561,1.104064332962036,47,93.52069336990826,109.33461713301949,0.0,0.0,0.0
0,scratch,dino_paper_late,17,0.00048332856245487986,dino_paper_late,0.5509999999999999,0.551,1.0739700374603272,47,96.41051292209886,112.86577142798342,0.0,0.0,0.0
0,scratch,dino_paper_late,18,0.000480202146725769,dino_paper_late,0.554,0.554,1.0535126430193582,47,93.86228046403266,109.5893995910883,0.0,0.0,0.0
0,scratch,dino_paper_late,19,0.00047681918297671805,dino_paper_late,0.5519999999999999,0.552,1.031982358932495,47,93.3898681900464,109.35246053989977,0.0,0.0,0.0
0,scratch,dino_paper_late,20,0.0004731834495470404,dino_paper_late,0.558,0.558,0.9927129510243734,47,93.78031780896708,109.47054319316521,0.0,0.0,0.0
0,scratch,dino_paper_late,21,0.00046929900708756454,dino_paper_late,0.577,0.577,0.9801030570665995,47,96.94596840091981,112.83945135399699,0.0,0.0,0.0
0,scratch,dino_paper_late,22,0.0004651701940254048,dino_paper_late,0.5579999999999999,0.558,0.9494288530349732,47,91.69296999601647,107.56652788608335,0.0,0.0,0.0
0,scratch,dino_paper_late,23,0.00046080162171849087,dino_paper_late,0.595,0.595,0.9325873727798462,47,94.26554030692205,110.34386024600826,0.0,0.0,0.0
0,scratch,dino_paper_late,24,0.0004561981693052692,dino_paper_late,0.548,0.548,0.9075599665641785,47,93.82413501222618,109.46771591110155,0.0,0.0,0.0
0,scratch,dino_paper_late,25,0.00045136497825532695,dino_paper_late,0.538,0.538,0.8838877046902974,47,94.66354516497813,122.58900967100635,0.0,0.0,0.0
0,scratch,dino_paper_late,26,0.00044630744662702595,dino_paper_late,0.585,0.585,0.8807049992879232,47,94.4385604641866,110.46800799411722,0.0,0.0,0.0
0,scratch,dino_paper_late,27,0.0004410312230385594,dino_paper_late,0.569,0.569,0.8260005712509155,47,93.66874263808131,109.18589934008196,0.0,0.0,0.0
0,scratch,dino_paper_late,28,0.0004355422003591655,dino_paper_late,0.5780000000000001,0.578,0.8276631218592326,47,94.29614406311885,109.97257429896854,0.0,0.0,0.0
0,scratch,dino_paper_late,29,0.0004298465091275434,dino_paper_late,0.568,0.568,0.7901185728708903,47,93.05355249205604,108.56055020191707,0.0,0.0,0.0
0,scratch,dino_paper_late,30,0.0004239505107048233,dino_paper_late,0.597,0.597,0.7678551343282064,47,94.51887470693327,110.12783676199615,0.0,0.0,0.0
0,scratch,dino_paper_late,31,0.00041786079016973627,dino_paper_late,0.573,0.573,0.7588239561716715,47,93.37954488396645,109.22743520792574,0.0,0.0,0.0
0,scratch,dino_paper_late,32,0.00041158414896392116,dino_paper_late,0.567,0.567,0.7002745006879171,47,95.00247746496461,110.67097725882195,0.0,0.0,0.0
0,scratch,dino_paper_late,33,0.00040512759729558113,dino_paper_late,0.5650000000000001,0.565,0.6917391319274903,47,93.57408019993454,108.97529837116599,0.0,0.0,0.0
0,scratch,dino_paper_late,34,0.00039849834630997414,dino_paper_late,0.583,0.583,0.6763489235242208,47,92.75195827893913,108.27219744003378,0.0,0.0,0.0
0,scratch,dino_paper_late,35,0.0003917038000354835,dino_paper_late,0.573,0.573,0.647764596939087,47,93.48855710588396,108.939498947002,0.0,0.0,0.0
0,scratch,dino_paper_late,36,0.0003847515471142615,dino_paper_late,0.58,0.58,0.6430881311098735,47,94.73181717190892,110.28297186200507,0.0,0.0,0.0
0,scratch,dino_paper_late,37,0.00037764935232668343,dino_paper_late,0.5760000000000001,0.576,0.6006319044431051,47,94.99658200121485,110.56755436002277,0.0,0.0,0.0
0,scratch,dino_paper_late,38,0.0003704051479190776,dino_paper_late,0.581,0.581,0.5913256556193034,47,93.8683831631206,109.18499560421333,0.0,0.0,0.0
0,scratch,dino_paper_late,39,0.00036302702474441743,dino_paper_late,0.586,0.586,0.5706477902730306,47,94.00690798810683,109.57081059808843,0.0,0.0,0.0
0,scratch,dino_paper_late,40,0.0003555232232258696,dino_paper_late,0.5820000000000001,0.582,0.5459574308395386,47,93.31396295083687,108.87940656393766,0.0,0.0,0.0
0,scratch,dino_paper_late,41,0.00034790212415329195,dino_paper_late,0.568,0.568,0.528938048362732,47,93.91907431208529,109.48780912300572,0.0,0.0,0.0
0,scratch,dino_paper_late,42,0.0003401722393229594,dino_paper_late,0.5810000000000001,0.581,0.5168062880039215,47,94.06416327506304,110.27182920998894,0.0,0.0,0.0
0,scratch,dino_paper_late,43,0.0003323422020309725,dino_paper_late,0.5799999999999998,0.58,0.511686666170756,47,94.75033156108111,110.41411513788626,0.0,0.0,0.0
0,scratch,dino_paper_late,44,0.0003244207574309657,dino_paper_late,0.579,0.579,0.4895891286532084,47,94.3992400879506,110.18529786914587,0.0,0.0,0.0
0,scratch,dino_paper_late,45,0.0003164167527668859,dino_paper_late,0.572,0.572,0.46568931690851845,47,93.75892554596066,109.50254566199146,0.0,0.0,0.0
0,scratch,dino_paper_late,46,0.0003083391274917483,dino_paper_late,0.5980000000000001,0.598,0.44808571926752727,47,92.99072601296939,108.40442016604356,0.0,0.0,0.0
0,scratch,dino_paper_late,47,0.0003001969032834071,dino_paper_late,0.5880000000000001,0.588,0.437499392747879,47,93.37049484206364,109.0399402610492,0.0,0.0,0.0
0,scratch,dino_paper_late,48,0.00029199917396849096,dino_paper_late,0.5890000000000001,0.589,0.43223760294914243,47,94.6294043068774,110.05736253992654,0.0,0.0,0.0
0,scratch,dino_paper_late,49,0.0002837550953657579,dino_paper_late,0.562,0.562,0.41789278078079223,47,94.27733311709017,109.82500834506936,0.0,0.0,0.0
0,scratch,dino_paper_late,50,0.0002754738750602126,dino_paper_late,0.587,0.587,0.4329183557828267,47,93.72169438493438,116.91466774791479,0.0,0.0,0.0
0,scratch,dino_paper_late,51,0.00026716476211940786,dino_paper_late,0.5549999999999999,0.555,0.4131666165987651,47,94.55867212195881,110.02020823699422,16.610333333333333,0.6115,1.7991666666666666
0,scratch,dino_paper_late,52,0.00025883703676341484,dino_paper_late,0.5680000000000001,0.568,0.3888905189037323,47,94.05072958488017,109.66349098901264,16.607166666666668,0.6081666666666666,1.792
0,scratch,dino_paper_late,53,0.0002505,dino_paper_late,0.5980000000000001,0.598,0.3700164098739624,47,93.48985598701984,109.14224380184896,16.591666666666665,0.5995,1.7768333333333333
0,scratch,dino_paper_late,54,0.00024216296323658525,dino_paper_late,0.588,0.588,0.3729782607555389,47,93.89919965900481,109.52753048785962,16.6255,0.602,1.7821666666666667
0,scratch,dino_paper_late,55,0.00023383523788059215,dino_paper_late,0.5589999999999999,0.559,0.35810512518882753,47,92.67382978205569,108.51869733608328,16.590166666666665,0.602,1.8036666666666668
0,scratch,dino_paper_late,56,0.00022552612493978745,dino_paper_late,0.587,0.587,0.35345783551534016,47,93.65997910383157,109.06751244002953,16.629,0.606,1.7915
0,scratch,dino_paper_late,57,0.00021724490463424225,dino_paper_late,0.5720000000000001,0.572,0.3427343929608663,47,93.33799021085724,109.28868002607487,16.579333333333334,0.6081666666666666,1.7968333333333333
0,scratch,dino_paper_late,58,0.00020900082603150905,dino_paper_late,0.595,0.595,0.3614404284954071,47,94.12230210285634,109.91147944307886,16.594166666666666,0.6068333333333333,1.7956666666666667
0,scratch,dino_paper_late,59,0.00020080309671659293,dino_paper_late,0.564,0.564,0.33831278125445047,47,94.53624681988731,110.30648338003084,16.6305,0.6098333333333333,1.8051666666666666
0,scratch,dino_paper_late,60,0.00019266087250825167,dino_paper_late,0.58,0.58,0.33474855494499206,47,94.28574343700893,109.9493598099798,16.607,0.6063333333333333,1.7916666666666667
0,scratch,dino_paper_late,61,0.00018458324723311413,dino_paper_late,0.576,0.576,0.33390658275286356,47,95.47390853893012,111.185787711991,16.613833333333332,0.6066666666666667,1.7975
0,scratch,dino_paper_late,62,0.00017657924256903434,dino_paper_late,0.5720000000000001,0.572,0.3183600827852885,47,95.07668708707206,110.87285688589327,16.615666666666666,0.5965,1.7926666666666666
0,scratch,dino_paper_late,63,0.00016865779796902748,dino_paper_late,0.583,0.583,0.3127025803724925,47,94.37882399884984,109.90349987708032,16.610333333333333,0.6046666666666667,1.7745
0,scratch,dino_paper_late,64,0.00016082776067704059,dino_paper_late,0.5890000000000001,0.589,0.30791931780179344,47,95.42874066601507,111.14857522700913,16.601,0.6088333333333333,1.7928333333333333
0,scratch,dino_paper_late,65,0.00015309787584670805,dino_paper_late,0.593,0.593,0.311101394255956,47,93.23925054096617,108.90144382393919,16.609333333333332,0.6078333333333333,1.7893333333333334
0,scratch,dino_paper_late,66,0.00014547677677413047,dino_paper_late,0.575,0.575,0.30567573602994286,47,93.93290833802894,109.5664201490581,16.624166666666667,0.6008333333333333,1.7975
0,scratch,dino_paper_late,67,0.00013797297525558255,dino_paper_late,0.5730000000000001,0.573,0.29538243492444355,47,94.06242218799889,109.81836906494573,16.602166666666665,0.6143333333333333,1.8011666666666666
0,scratch,dino_paper_late,68,0.00013059485208092238,dino_paper_late,0.5800000000000001,0.58,0.2936209223270416,47,94.54100653785281,110.14972585416399,16.621,0.6205,1.8046666666666666
0,scratch,dino_paper_late,69,0.00012335064767331658,dino_paper_late,0.5820000000000001,0.582,0.2893139931360881,47,94.13103726692498,109.63673382392153,16.611166666666666,0.621,1.8013333333333332
0,scratch,dino_paper_late,70,0.00011624845288573853,dino_paper_late,0.593,0.593,0.2883718971411387,47,94.78489299211651,110.47822637180798,16.621666666666666,0.5981666666666666,1.7981666666666667
0,scratch,dino_paper_late,71,0.00010929619996451647,dino_paper_late,0.6030000000000001,0.603,0.28465750789642336,47,94.46097646909766,110.52765499497764,16.622166666666665,0.6121666666666666,1.7991666666666666
0,scratch,dino_paper_late,72,0.00010250165369002587,dino_paper_late,0.591,0.591,0.27838413675626117,47,94.00886662281118,109.49260338186286,16.630666666666666,0.608,1.7985
0,scratch,dino_paper_late,73,9.587240270441893e-05,dino_paper_late,0.595,0.595,0.28065265599886574,47,94.5459379919339,110.21007806295529,16.611333333333334,0.5975,1.7886666666666666
0,scratch,dino_paper_late,74,8.941585103607879e-05,dino_paper_late,0.5730000000000001,0.573,0.27489539988835654,47,94.13329655514099,109.77113274112344,16.61466666666667,0.5991666666666666,1.7991666666666666
0,scratch,dino_paper_late,75,8.313920983026379e-05,dino_paper_late,0.584,0.584,0.27868126320838926,47,94.80908137909137,118.08723671198823,16.61766666666667,0.6083333333333333,1.7953333333333332
0,scratch,dino_paper_late,76,7.704948929517675e-05,dino_paper_late,0.597,0.597,0.2676811945438385,47,94.71951522491872,110.40978468605317,16.652833333333334,0.617,1.8105
0,scratch,dino_paper_late,77,7.115349087245667e-05,dino_paper_late,0.595,0.595,0.27117352080345153,47,94.32783851516433,110.1766453590244,16.619666666666667,0.6016666666666667,1.8025
0,scratch,dino_paper_late,78,6.545779964083458e-05,dino_paper_late,0.595,0.595,0.26599979821840924,47,94.5186507080216,110.86017139977776,16.665666666666667,0.6061666666666666,1.7983333333333333
0,scratch,dino_paper_late,79,5.996877696144067e-05,dino_paper_late,0.593,0.593,0.26799790302912396,47,95.47381354216486,111.02150538098067,16.6085,0.6168333333333333,1.801
0,scratch,dino_paper_late,80,5.4692553372974075e-05,dino_paper_late,0.589,0.589,0.266731116215388,47,94.94486775598489,110.44388023600914,16.644166666666667,0.6136666666666667,1.7928333333333333
0,scratch,dino_paper_late,81,4.963502174467306e-05,dino_paper_late,0.597,0.597,0.26622473684946696,47,93.82710091909394,109.56271082302555,16.64816666666667,0.6063333333333333,1.8076666666666668
0,scratch,dino_paper_late,82,4.480183069473086e-05,dino_paper_late,0.5890000000000001,0.589,0.268058248202006,47,94.78165913000703,110.39632397610694,16.600666666666665,0.6051666666666666,1.8003333333333333
0,scratch,dino_paper_late,83,4.019837828150914e-05,dino_paper_late,0.5710000000000001,0.571,0.26568808587392173,47,94.83929807599634,110.65350146498531,16.587,0.6246666666666667,1.7985
0,scratch,dino_paper_late,84,3.5829805974595276e-05,dino_paper_late,0.579,0.579,0.2627259759902954,47,94.5967907239683,110.46434946893714,16.595333333333333,0.6041666666666666,1.8003333333333333
0,scratch,dino_paper_late,85,3.1700992912435456e-05,dino_paper_late,0.583,0.583,0.2613857962290446,47,93.70531764510088,109.6662626080215,16.618,0.6096666666666667,1.7933333333333332
0,scratch,dino_paper_late,86,2.781655045295966e-05,dino_paper_late,0.583,0.583,0.2629048160711924,46,93.1272367418278,108.9789179789368,16.623333333333335,0.609,1.785
0,scratch,dino_paper_late,87,2.4180817023281995e-05,dino_paper_late,0.58,0.58,0.2624578561782837,47,93.47196757001802,109.06211024196818,16.613333333333333,0.6116666666666667,1.8
0,scratch,dino_paper_late,88,2.0797853274230994e-05,dino_paper_late,0.5900000000000001,0.59,0.26177166199684143,47,94.41385438712314,110.08732591988519,16.604333333333333,0.6055,1.7983333333333333
0,scratch,dino_paper_late,89,1.7671437545120165e-05,dino_paper_late,0.584,0.584,0.2625425751209259,47,93.06757096899673,109.03626858303323,16.585833333333333,0.6078333333333333,1.8005
0,scratch,dino_paper_late,90,1.480506164382429e-05,dino_paper_late,0.588,0.588,0.26174540424346926,47,93.80112056387588,109.6831275690347,16.5685,0.6013333333333334,1.7938333333333334
0,scratch,dino_paper_late,91,1.220192694687535e-05,dino_paper_late,0.5840000000000001,0.584,0.2612059769630432,47,93.87019413383678,109.57659687497653,16.587666666666667,0.5856666666666667,1.7901666666666667
0,scratch,dino_paper_late,92,9.864940823933073e-06,dino_paper_late,0.584,0.584,0.26244162702560425,47,93.65921444213018,109.38521176902577,16.6425,0.6061666666666666,1.8096666666666668
0,scratch,dino_paper_late,93,7.796713390623254e-06,dino_paper_late,0.584,0.584,0.26054391503334046,47,94.12616570806131,109.91758708306588,16.598833333333335,0.5906666666666667,1.7765
0,scratch,dino_paper_late,94,5.999554593371605e-06,dino_paper_late,0.585,0.585,0.26069156916936237,47,93.44139620102942,109.01649203686975,16.623333333333335,0.6041666666666666,1.8153333333333332
0,scratch,dino_paper_late,95,4.475471629487872e-06,dino_paper_late,0.5820000000000001,0.582,0.2612668057282766,47,93.51324632205069,109.17294684099033,16.626,0.6161666666666666,1.8025
0,scratch,dino_paper_late,96,3.2261667053823824e-06,dino_paper_late,0.584,0.584,0.2606182179450989,47,94.3385257681366,110.04257895494811,16.652666666666665,0.6176666666666667,1.7945
0,scratch,dino_paper_late,97,2.253035135418218e-06,dino_paper_late,0.585,0.585,0.2581417321364085,47,93.50764200999402,109.23591745900922,16.600666666666665,0.6151666666666666,1.8026666666666666
0,scratch,dino_paper_late,98,1.5571637835232856e-06,dino_paper_late,0.5860000000000001,0.586,0.2608725078900655,47,92.7711461209692,108.48755331686698,16.6335,0.6115,1.7896666666666667
0,scratch,dino_paper_late,99,1.1393298493014743e-06,dino_paper_late,0.5870000000000001,0.587,0.26006510901451113,47,94.28141507483087,110.09487257292494,16.6055,0.5968333333333333,1.7913333333333334
0,scratch,dino_paper_late,100,1e-06,dino_paper_late,0.5880000000000001,0.588,0.26136008429527285,47,93.60129719809629,117.25314014893956,16.5885,0.6075,1.8043333333333333
0,scratch,dino_random_rescue_10,1,0.0001,dino_random_rescue_10,0.25999999999999995,0.26,1.873759544054667,47,100.2841604060959,116.55376278492622,10.0,0.35983333333333334,3.2106666666666666
0,scratch,dino_random_rescue_10,2,0.0002,dino_random_rescue_10,0.322,0.322,1.7679189503987631,47,101.3648168859072,118.17674625013024,10.0,0.36833333333333335,3.1816666666666666
0,scratch,dino_random_rescue_10,3,0.00030000000000000003,dino_random_rescue_10,0.362,0.362,1.7272190786997477,47,97.13698745006695,113.31940904003568,10.0,0.366,3.2051666666666665
0,scratch,dino_random_rescue_10,4,0.0004,dino_random_rescue_10,0.339,0.339,1.6891988881429036,47,98.54180632997304,114.28393736691214,10.0,0.361,3.1795
0,scratch,dino_random_rescue_10,5,0.0005,dino_random_rescue_10,0.402,0.402,1.655085896174113,47,97.1634547112044,113.02937780390494,10.0,0.359,3.2115
0,scratch,dino_random_rescue_10,6,0.0005,dino_random_rescue_10,0.42000000000000004,0.42,1.594226328531901,47,100.80445521511137,117.69936173409224,10.0,0.3615,3.1891666666666665
0,scratch,dino_random_rescue_10,7,0.0004998606701506985,dino_random_rescue_10,0.4779999999999999,0.478,1.4866035772959392,47,97.92240177583881,113.98152931802906,10.0,0.37033333333333335,3.2118333333333333
0,scratch,dino_random_rescue_10,8,0.0004994428362164767,dino_random_rescue_10,0.44399999999999995,0.444,1.4564917974472047,47,97.27794657507911,113.208555001067,10.0,0.3631666666666667,3.182166666666667
0,scratch,dino_random_rescue_10,9,0.0004987469648645818,dino_random_rescue_10,0.484,0.484,1.3988811197280884,47,97.09323754790239,113.14304515789263,10.0,0.3606666666666667,3.1788333333333334
0,scratch,dino_random_rescue_10,10,0.0004977738332946176,dino_random_rescue_10,0.4909999999999998,0.491,1.3224565045038859,47,98.42149725183845,123.22039030701853,10.0,0.36133333333333334,3.1966666666666668
0,scratch,dino_random_rescue_10,11,0.0004965245283705121,dino_random_rescue_10,0.472,0.472,1.2802189598083495,47,97.50675600697286,114.28981558093801,10.0,0.3621666666666667,3.183333333333333
0,scratch,dino_random_rescue_10,12,0.0004950004454066284,dino_random_rescue_10,0.543,0.543,1.2400170226097107,47,97.32801145897247,113.11898949299939,10.0,0.37166666666666665,3.1816666666666666
0,scratch,dino_random_rescue_10,13,0.0004932032866093767,dino_random_rescue_10,0.532,0.532,1.2046496384938559,47,96.20332789607346,112.34766406286508,10.0,0.372,3.2176666666666667
0,scratch,dino_random_rescue_10,14,0.000491135059176067,dino_random_rescue_10,0.548,0.548,1.1820816513697305,47,99.42770925094374,115.5278720408678,10.0,0.363,3.1846666666666668
0,scratch,dino_random_rescue_10,15,0.0004887980730531247,dino_random_rescue_10,0.5660000000000001,0.566,1.1410683215459188,47,97.76840442791581,113.97355313086882,10.0,0.3545,3.1905
0,scratch,dino_random_rescue_10,16,0.00048619493835617576,dino_random_rescue_10,0.558,0.558,1.1068376712799073,47,97.86524082999676,113.86974681215361,10.0,0.36483333333333334,3.1823333333333332
0,scratch,dino_random_rescue_10,17,0.00048332856245487986,dino_random_rescue_10,0.5900000000000001,0.59,1.059716509183248,47,97.05157964420505,113.0796556698624,10.0,0.366,3.1995
0,scratch,dino_random_rescue_10,18,0.000480202146725769,dino_random_rescue_10,0.5619999999999999,0.562,1.0362322915395101,47,98.0840154751204,113.96019489015453,10.0,0.36733333333333335,3.208
0,scratch,dino_random_rescue_10,19,0.00047681918297671805,dino_random_rescue_10,0.5589999999999999,0.559,1.018368639945984,47,97.67913404712453,113.26239405898377,10.0,0.374,3.178166666666667
0,scratch,dino_random_rescue_10,20,0.0004731834495470404,dino_random_rescue_10,0.5880000000000001,0.588,0.9753707429567973,47,97.84555126097985,113.60949288704433,10.0,0.376,3.2075
0,scratch,dino_random_rescue_10,21,0.00046929900708756454,dino_random_rescue_10,0.583,0.583,0.9746064494450887,47,97.64918806799687,113.8756238759961,10.0,0.37116666666666664,3.183
0,scratch,dino_random_rescue_10,22,0.0004651701940254048,dino_random_rescue_10,0.5770000000000001,0.577,0.9254335486094157,47,98.24714213213883,114.114620719105,10.0,0.3571666666666667,3.200833333333333
0,scratch,dino_random_rescue_10,23,0.00046080162171849087,dino_random_rescue_10,0.586,0.586,0.9219253104527791,47,97.83661410491914,113.44518042285927,10.0,0.3581666666666667,3.1831666666666667
0,scratch,dino_random_rescue_10,24,0.0004561981693052692,dino_random_rescue_10,0.5549999999999999,0.555,0.8845796267191569,47,97.4536207569763,113.51434514392167,10.0,0.3586666666666667,3.183
0,scratch,dino_random_rescue_10,25,0.00045136497825532695,dino_random_rescue_10,0.5770000000000001,0.577,0.8608131202061972,47,100.37643947894685,124.5984608400613,10.0,0.3631666666666667,3.2046666666666668
0,scratch,dino_random_rescue_10,26,0.00044630744662702595,dino_random_rescue_10,0.5940000000000001,0.594,0.8321488459904989,47,96.76145836501382,112.16456633107737,10.0,0.3581666666666667,3.2016666666666667
0,scratch,dino_random_rescue_10,27,0.0004410312230385594,dino_random_rescue_10,0.5820000000000001,0.582,0.812422291914622,47,96.47687538596801,112.09332990995608,10.0,0.378,3.1908333333333334
0,scratch,dino_random_rescue_10,28,0.0004355422003591655,dino_random_rescue_10,0.5910000000000001,0.591,0.7917489067713419,47,97.80617803102359,113.5921176020056,10.0,0.3585,3.2011666666666665
0,scratch,dino_random_rescue_10,29,0.0004298465091275434,dino_random_rescue_10,0.5900000000000001,0.59,0.7633586112658183,47,98.42580230883323,114.0055764131248,10.0,0.382,3.1948333333333334
0,scratch,dino_random_rescue_10,30,0.0004239505107048233,dino_random_rescue_10,0.5920000000000001,0.592,0.7464412575562795,47,97.98441665992141,113.72902383981273,10.0,0.366,3.2038333333333333
0,scratch,dino_random_rescue_10,31,0.00041786079016973627,dino_random_rescue_10,0.5730000000000001,0.573,0.7457088911533356,47,97.2852407770697,113.25951209198684,10.0,0.36733333333333335,3.195
0,scratch,dino_random_rescue_10,32,0.00041158414896392116,dino_random_rescue_10,0.577,0.577,0.7067224980990092,47,97.45288060209714,113.28207978000864,10.0,0.36733333333333335,3.160833333333333
0,scratch,dino_random_rescue_10,33,0.00040512759729558113,dino_random_rescue_10,0.57,0.57,0.6890702969233194,47,97.37670195591636,113.34516981686465,10.0,0.36683333333333334,3.1805
0,scratch,dino_random_rescue_10,34,0.00039849834630997414,dino_random_rescue_10,0.5940000000000001,0.594,0.6732387341658275,47,97.16095378482714,112.96045486512594,10.0,0.35883333333333334,3.1805
0,scratch,dino_random_rescue_10,35,0.0003917038000354835,dino_random_rescue_10,0.5879999999999999,0.588,0.6186394335428874,47,96.56797362910584,112.50799041613936,10.0,0.3596666666666667,3.198
0,scratch,dino_random_rescue_10,36,0.0003847515471142615,dino_random_rescue_10,0.5890000000000001,0.589,0.6419160523414612,47,97.78032137197442,113.95049566403031,10.0,0.36233333333333334,3.179
0,scratch,dino_random_rescue_10,37,0.00037764935232668343,dino_random_rescue_10,0.597,0.597,0.6013878194491068,47,97.87666704598814,113.69526712503284,10.0,0.36783333333333335,3.1895
0,scratch,dino_random_rescue_10,38,0.0003704051479190776,dino_random_rescue_10,0.5690000000000001,0.569,0.5792317773501078,47,98.59063220093958,114.22477967501618,10.0,0.37583333333333335,3.243
0,scratch,dino_random_rescue_10,39,0.00036302702474441743,dino_random_rescue_10,0.585,0.585,0.563916152715683,47,96.8098952260334,112.69654385000467,10.0,0.3665,3.1995
0,scratch,dino_random_rescue_10,40,0.0003555232232258696,dino_random_rescue_10,0.5780000000000001,0.578,0.5600970129966736,47,97.3442850948777,113.24487669300288,10.0,0.373,3.1816666666666666
0,scratch,dino_random_rescue_10,41,0.00034790212415329195,dino_random_rescue_10,0.586,0.586,0.5104081619580587,47,97.41491135908291,113.54902201099321,10.0,0.3586666666666667,3.207
0,scratch,dino_random_rescue_10,42,0.0003401722393229594,dino_random_rescue_10,0.571,0.571,0.5163080093065897,47,96.50824687606655,112.16551323607564,10.0,0.372,3.2096666666666667
0,scratch,dino_random_rescue_10,43,0.0003323422020309725,dino_random_rescue_10,0.5860000000000001,0.586,0.5154139506022135,47,97.33797858888283,113.17707575880922,10.0,0.36566666666666664,3.1963333333333335
0,scratch,dino_random_rescue_10,44,0.0003244207574309657,dino_random_rescue_10,0.592,0.592,0.4810263826052348,47,97.3503788691014,113.41015628306195,10.0,0.37933333333333336,3.192
0,scratch,dino_random_rescue_10,45,0.0003164167527668859,dino_random_rescue_10,0.5619999999999999,0.562,0.467514436562856,47,98.25602977303788,114.74459735583514,10.0,0.36583333333333334,3.1685
0,scratch,dino_random_rescue_10,46,0.0003083391274917483,dino_random_rescue_10,0.5720000000000001,0.572,0.4612435344060262,47,97.66286558820866,113.52113605896011,10.0,0.3636666666666667,3.1671666666666667
0,scratch,dino_random_rescue_10,47,0.0003001969032834071,dino_random_rescue_10,0.576,0.576,0.44980620646476743,47,96.78238339000382,112.84599180100486,10.0,0.36966666666666664,3.187333333333333
0,scratch,dino_random_rescue_10,48,0.00029199917396849096,dino_random_rescue_10,0.5820000000000001,0.582,0.4372723766962687,47,98.0136147341691,113.75822271616198,10.0,0.35333333333333333,3.1988333333333334
0,scratch,dino_random_rescue_10,49,0.0002837550953657579,dino_random_rescue_10,0.567,0.567,0.42530891100565593,47,98.77791827404872,114.59106346103363,10.0,0.36783333333333335,3.21
0,scratch,dino_random_rescue_10,50,0.0002754738750602126,dino_random_rescue_10,0.587,0.587,0.4142487839063009,47,98.76044656592421,123.2136494400911,10.0,0.3605,3.1765
0,scratch,dino_random_rescue_10,51,0.00026716476211940786,dino_random_rescue_10,0.5920000000000001,0.592,0.3956201357046763,47,98.18474091193639,114.14422810892574,10.0,0.3556666666666667,3.2178333333333335
0,scratch,dino_random_rescue_10,52,0.00025883703676341484,dino_random_rescue_10,0.5780000000000001,0.578,0.4003291827837626,47,96.83815848501399,112.68800854915753,10.0,0.37233333333333335,3.194
0,scratch,dino_random_rescue_10,53,0.0002505,dino_random_rescue_10,0.581,0.581,0.37763656822840375,47,98.12242767307907,114.3286359559279,10.0,0.3576666666666667,3.19
0,scratch,dino_random_rescue_10,54,0.00024216296323658525,dino_random_rescue_10,0.571,0.571,0.3706435525417328,47,97.39405515091494,113.24265844002366,10.0,0.371,3.196833333333333
0,scratch,dino_random_rescue_10,55,0.00023383523788059215,dino_random_rescue_10,0.5890000000000001,0.589,0.3615728317896525,47,99.57607779605314,115.60607490199618,10.0,0.3595,3.188
0,scratch,dino_random_rescue_10,56,0.00022552612493978745,dino_random_rescue_10,0.5850000000000002,0.585,0.36149481892585755,47,97.32815566984937,113.3401466649957,10.0,0.36883333333333335,3.199666666666667
0,scratch,dino_random_rescue_10,57,0.00021724490463424225,dino_random_rescue_10,0.5890000000000001,0.589,0.355386474609375,47,97.17733399011195,112.82468669698574,10.0,0.36083333333333334,3.2223333333333333
0,scratch,dino_random_rescue_10,58,0.00020900082603150905,dino_random_rescue_10,0.5920000000000001,0.592,0.34775686454772947,47,96.06118421605788,112.10213035088964,10.0,0.3685,3.224833333333333
0,scratch,dino_random_rescue_10,59,0.00020080309671659293,dino_random_rescue_10,0.5850000000000001,0.585,0.33807023429870603,47,97.23751688585617,113.02564080804586,10.0,0.3735,3.203333333333333
0,scratch,dino_random_rescue_10,60,0.00019266087250825167,dino_random_rescue_10,0.578,0.578,0.3386098194917043,47,96.9877617789898,113.32799592218362,10.0,0.36433333333333334,3.2046666666666668
0,scratch,dino_random_rescue_10,61,0.00018458324723311413,dino_random_rescue_10,0.599,0.599,0.32792521047592166,46,98.85583964898251,115.08178631705232,10.0,0.36916666666666664,3.2045
0,scratch,dino_random_rescue_10,62,0.00017657924256903434,dino_random_rescue_10,0.585,0.585,0.3198602064450582,47,97.4084505320061,113.45691512920894,10.0,0.36933333333333335,3.196833333333333
0,scratch,dino_random_rescue_10,63,0.00016865779796902748,dino_random_rescue_10,0.584,0.584,0.31297791155179344,47,97.58212269516662,113.52389671606943,10.0,0.36966666666666664,3.174
0,scratch,dino_random_rescue_10,64,0.00016082776067704059,dino_random_rescue_10,0.5850000000000001,0.585,0.317125804901123,47,97.11879840586334,113.20136437099427,10.0,0.3521666666666667,3.2058333333333335
0,scratch,dino_random_rescue_10,65,0.00015309787584670805,dino_random_rescue_10,0.57,0.57,0.3175271248022715,47,98.03419210389256,113.74146092287265,10.0,0.37116666666666664,3.2026666666666666
0,scratch,dino_random_rescue_10,66,0.00014547677677413047,dino_random_rescue_10,0.585,0.585,0.30382110095024106,47,97.41538056102581,113.39972175401635,10.0,0.3735,3.211333333333333
0,scratch,dino_random_rescue_10,67,0.00013797297525558255,dino_random_rescue_10,0.583,0.583,0.30379123290379845,47,96.13110891496763,111.93180971895345,10.0,0.35733333333333334,3.2145
0,scratch,dino_random_rescue_10,68,0.00013059485208092238,dino_random_rescue_10,0.588,0.588,0.29328991317749026,47,97.44659940293059,113.19050267990679,10.0,0.36333333333333334,3.2016666666666667
0,scratch,dino_random_rescue_10,69,0.00012335064767331658,dino_random_rescue_10,0.5730000000000001,0.573,0.28897713613510134,47,95.72873655892909,111.80775387003087,10.0,0.36466666666666664,3.1915
0,scratch,dino_random_rescue_10,70,0.00011624845288573853,dino_random_rescue_10,0.595,0.595,0.2861744114557902,47,97.3691101220902,113.71088752592914,10.0,0.35633333333333334,3.1988333333333334
0,scratch,dino_random_rescue_10,71,0.00010929619996451647,dino_random_rescue_10,0.5980000000000001,0.598,0.28564467215538025,47,98.44723187992349,114.39804325718433,10.0,0.366,3.1905
0,scratch,dino_random_rescue_10,72,0.00010250165369002587,dino_random_rescue_10,0.5980000000000001,0.598,0.28021370943387347,47,96.88109712605365,113.05431423895061,10.0,0.3665,3.222166666666667
0,scratch,dino_random_rescue_10,73,9.587240270441893e-05,dino_random_rescue_10,0.601,0.601,0.28713831837972004,47,98.26251723407768,113.91196259716526,10.0,0.3556666666666667,3.2115
0,scratch,dino_random_rescue_10,74,8.941585103607879e-05,dino_random_rescue_10,0.598,0.598,0.278284339984258,47,96.8821850689128,112.4437430431135,10.0,0.364,3.187666666666667
0,scratch,dino_random_rescue_10,75,8.313920983026379e-05,dino_random_rescue_10,0.6,0.6,0.27745356504122415,47,95.54704812495038,120.2697875390295,10.0,0.37016666666666664,3.2075
0,scratch,dino_random_rescue_10,76,7.704948929517675e-05,dino_random_rescue_10,0.5959999999999999,0.596,0.27556221636136374,47,97.16190540092066,113.11228002794087,10.0,0.37916666666666665,3.2016666666666667
0,scratch,dino_random_rescue_10,77,7.115349087245667e-05,dino_random_rescue_10,0.598,0.598,0.2753301492532094,47,97.090447017923,112.67032619495876,10.0,0.3595,3.1973333333333334
0,scratch,dino_random_rescue_10,78,6.545779964083458e-05,dino_random_rescue_10,0.593,0.593,0.272343638976415,47,98.74247189704329,114.8466157480143,10.0,0.36816666666666664,3.2293333333333334
0,scratch,dino_random_rescue_10,79,5.996877696144067e-05,dino_random_rescue_10,0.603,0.603,0.27027317420641583,47,97.96068518492393,113.95515658403747,10.0,0.36683333333333334,3.2175
0,scratch,dino_random_rescue_10,80,5.4692553372974075e-05,dino_random_rescue_10,0.5940000000000001,0.594,0.26966622813542684,47,98.18903286987916,114.12240962893702,10.0,0.3655,3.2105
0,scratch,dino_random_rescue_10,81,4.963502174467306e-05,dino_random_rescue_10,0.604,0.604,0.26918506097793576,47,97.24327758094296,113.05200640507974,10.0,0.3645,3.1708333333333334
0,scratch,dino_random_rescue_10,82,4.480183069473086e-05,dino_random_rescue_10,0.588,0.588,0.2708139782746633,47,97.51774543104693,113.51432304619811,10.0,0.36983333333333335,3.1991666666666667
0,scratch,dino_random_rescue_10,83,4.019837828150914e-05,dino_random_rescue_10,0.591,0.591,0.26905194234848023,47,98.51489385496825,115.03515142411925,10.0,0.36966666666666664,3.1975
0,scratch,dino_random_rescue_10,84,3.5829805974595276e-05,dino_random_rescue_10,0.593,0.593,0.26716437888145445,47,96.05384380207397,112.1286226240918,10.0,0.3665,3.1691666666666665
0,scratch,dino_random_rescue_10,85,3.1700992912435456e-05,dino_random_rescue_10,0.6140000000000001,0.614,0.267187473376592,47,97.1429916601628,113.62911453493871,10.0,0.3626666666666667,3.167666666666667
0,scratch,dino_random_rescue_10,86,2.781655045295966e-05,dino_random_rescue_10,0.5940000000000001,0.594,0.26633111039797464,47,98.18740657600574,114.22500130208209,10.0,0.35883333333333334,3.202
0,scratch,dino_random_rescue_10,87,2.4180817023281995e-05,dino_random_rescue_10,0.607,0.607,0.2690821450551351,47,98.00381296896376,113.98870365112089,10.0,0.37066666666666664,3.18
0,scratch,dino_random_rescue_10,88,2.0797853274230994e-05,dino_random_rescue_10,0.6040000000000001,0.604,0.2675133255322774,47,97.05269958986901,112.82257574098185,10.0,0.37316666666666665,3.2071666666666667
0,scratch,dino_random_rescue_10,89,1.7671437545120165e-05,dino_random_rescue_10,0.601,0.601,0.26298804839452106,47,97.60780235589482,113.3295859969221,10.0,0.36,3.1926666666666668
0,scratch,dino_random_rescue_10,90,1.480506164382429e-05,dino_random_rescue_10,0.6110000000000001,0.611,0.26302895482381183,47,96.918554964941,112.75685708085075,10.0,0.3636666666666667,3.198
0,scratch,dino_random_rescue_10,91,1.220192694687535e-05,dino_random_rescue_10,0.611,0.611,0.2626983545621236,47,97.07709400216118,113.13134688092396,10.0,0.3636666666666667,3.214166666666667
0,scratch,dino_random_rescue_10,92,9.864940823933073e-06,dino_random_rescue_10,0.605,0.605,0.2613185740311941,47,97.42424803599715,113.21637863409705,10.0,0.36533333333333334,3.2135
0,scratch,dino_random_rescue_10,93,7.796713390623254e-06,dino_random_rescue_10,0.607,0.607,0.263096581141154,47,97.26221493002959,112.9671748469118,10.0,0.362,3.209
0,scratch,dino_random_rescue_10,94,5.999554593371605e-06,dino_random_rescue_10,0.612,0.612,0.26113939611117043,47,96.6234759639483,112.5172717999667,10.0,0.361,3.198166666666667
0,scratch,dino_random_rescue_10,95,4.475471629487872e-06,dino_random_rescue_10,0.614,0.614,0.26292308378219603,47,97.42585623287596,113.48535946710035,10.0,0.367,3.2105
0,scratch,dino_random_rescue_10,96,3.2261667053823824e-06,dino_random_rescue_10,0.615,0.615,0.264304040034612,47,98.52103278809227,114.90627160202712,10.0,0.36816666666666664,3.1945
0,scratch,dino_random_rescue_10,97,2.253035135418218e-06,dino_random_rescue_10,0.613,0.613,0.2601951717535655,47,95.41201610607095,111.06161302211694,10.0,0.36283333333333334,3.211
0,scratch,dino_random_rescue_10,98,1.5571637835232856e-06,dino_random_rescue_10,0.613,0.613,0.26174096552530923,47,95.13655383721925,110.75881649181247,10.0,0.36766666666666664,3.1945
0,scratch,dino_random_rescue_10,99,1.1393298493014743e-06,dino_random_rescue_10,0.612,0.612,0.26353368830680846,47,94.00418287492357,109.67688528704457,10.0,0.36466666666666664,3.1951666666666667
0,scratch,dino_random_rescue_10,100,1e-06,dino_random_rescue_10,0.6130000000000001,0.613,0.26137869668006897,47,95.12898586713709,117.38262321706861,10.0,0.3486666666666667,3.175333333333333
