epoch,seed,student_correct,teacher_full_correct,teacher_masked_correct,teacher_raw_correct,student_prediction,teacher_prediction,teacher_masked_prediction,teacher_mask_kl,teacher_raw_kl,teacher_student_kl,prediction_agreement,teacher_flip,correction_opportunity,correction_signal_preserved,swaps,raw_background_ratio,raw_foreground_missing,raw_background_excess_vs_area,raw_foreground_area_missing,raw_zero_foreground,actual_background_ratio,actual_foreground_missing,actual_background_excess_vs_area,actual_foreground_area_missing,actual_zero_foreground,added_foreground,removed_foreground,initialization,method,n_probe
0,0,0.085,0.985,0.985,0.865,5.92,4.445,4.445,0.0,0.3494100272655487,1.8246694803237915,0.09,0.0,0.9,0.9,0.0,0.850561224489796,0.5981794121635886,0.025867346938775508,0.5913978515937924,0.05,0.8246938775510203,0.0,0.0,0.0,0.05,19.715,0.0,scratch,full,200
1,0,0.255,0.985,0.985,0.915,5.02,4.445,4.445,0.0,0.15900126099586487,1.543009638786316,0.255,0.0,0.73,0.73,0.0,0.8163265306122449,0.43395659595312164,-0.008367346938775515,0.43931676695094213,0.05,0.8246938775510203,0.0,0.0,0.0,0.05,16.36,0.0,scratch,full,200
2,0,0.295,0.985,0.985,0.93,4.515,4.445,4.445,0.0,0.13808120787143707,1.4230250120162964,0.3,0.0,0.69,0.69,0.0,0.8256632653061224,0.4704115213414031,0.0009693877551020364,0.464343972116767,0.05,0.8246938775510203,0.0,0.0,0.0,0.05,17.275,0.0,scratch,full,200
3,0,0.385,0.985,0.985,0.935,4.11,4.445,4.445,0.0,0.11940030753612518,1.3609161376953125,0.39,0.0,0.6,0.6,0.0,0.8130102040816327,0.4179274891901726,-0.011683673469387756,0.41517095755712946,0.05,0.8246938775510203,0.0,0.0,0.0,0.05,16.035,0.0,scratch,full,200
4,0,0.375,0.985,0.985,0.93,4.455,4.445,4.445,0.0,0.1553737074136734,1.4531642198562622,0.38,0.0,0.61,0.61,0.0,0.8411224489795919,0.49814469849855136,0.016428571428571424,0.4917504369674134,0.05,0.8246938775510203,0.0,0.0,0.0,0.05,18.79,0.0,scratch,full,200
5,0,0.41,0.985,0.985,0.92,4.385,4.445,4.445,0.0,0.1615666002035141,1.305353045463562,0.415,0.0,0.575,0.575,0.0,0.8219897959183675,0.48288499546832153,-0.0027040816326530663,0.47614047592389397,0.05,0.8246938775510203,0.0,0.0,0.0,0.05,16.915,0.0,scratch,full,200
6,0,0.465,0.985,0.985,0.945,4.815,4.445,4.445,0.0,0.11830049753189087,1.2405954599380493,0.47,0.0,0.52,0.52,0.0,0.8206122448979594,0.48287189837015043,-0.004081632653061228,0.4784758219262585,0.05,0.8246938775510203,0.0,0.0,0.0,0.05,16.78,0.0,scratch,full,200
7,0,0.45,0.985,0.985,0.95,4.635,4.445,4.445,0.0,0.09732038527727127,1.158176064491272,0.46,0.0,0.535,0.535,0.0,0.7884693877551021,0.3642937528412229,-0.03622448979591837,0.3781179612176493,0.05,0.8246938775510203,0.0,0.0,0.0,0.05,13.63,0.0,scratch,full,200
8,0,0.485,0.985,0.985,0.95,4.79,4.445,4.445,0.0,0.08560623228549957,1.1761163473129272,0.495,0.0,0.5,0.5,0.0,0.793265306122449,0.3830374869960815,-0.03142857142857143,0.38613662840798496,0.05,0.8246938775510203,0.0,0.0,0.0,0.05,14.1,0.0,scratch,full,200
9,0,0.465,0.985,0.985,0.955,4.97,4.445,4.445,0.0,0.06191359460353851,1.1073124408721924,0.475,0.0,0.52,0.52,0.0,0.7837755102040816,0.3582649611705731,-0.04091836734693878,0.3703116410446819,0.05,0.8246938775510203,0.0,0.0,0.0,0.05,13.17,0.0,scratch,full,200
10,0,0.485,0.985,0.985,0.95,5.205,4.445,4.445,0.0,0.12022410333156586,1.1054084300994873,0.485,0.0,0.505,0.505,0.0,0.8162244897959183,0.48035812764540614,-0.008469387755102038,0.46954412081744523,0.05,0.8246938775510203,0.0,0.0,0.0,0.05,16.35,0.0,scratch,full,200
11,0,0.505,0.985,0.985,0.96,5.645,4.445,4.445,0.0,0.11084781587123871,1.116693377494812,0.51,0.0,0.48,0.48,0.0,0.8147448979591837,0.44956811041032674,-0.00994897959183674,0.4418967577628791,0.05,0.8246938775510203,0.0,0.0,0.0,0.05,16.205,0.0,scratch,full,200
12,0,0.53,0.985,0.985,0.935,4.17,4.445,4.445,0.0,0.1296571046113968,1.0163055658340454,0.54,0.0,0.455,0.455,0.0,0.805561224489796,0.414226369175768,-0.01913265306122449,0.4241753115027677,0.05,0.8246938775510203,0.0,0.0,0.0,0.05,15.305,0.0,scratch,full,200
13,0,0.495,0.985,0.985,0.96,4.45,4.445,4.445,0.0,0.07370513677597046,1.086942434310913,0.495,0.0,0.495,0.495,0.0,0.8176020408163265,0.4880231650980046,-0.007091836734693872,0.4837456491024932,0.05,0.8246938775510203,0.0,0.0,0.0,0.05,16.485,0.0,scratch,full,200
14,0,0.5,0.985,0.985,0.955,4.275,4.445,4.445,0.0,0.05810534581542015,1.0322935581207275,0.515,0.0,0.485,0.485,0.0,0.8140816326530611,0.44764691474733437,-0.01061224489795919,0.4463068967917934,0.05,0.8246938775510203,0.0,0.0,0.0,0.05,16.14,0.0,scratch,full,200
15,0,0.515,0.985,0.985,0.94,4.65,4.445,4.445,0.0,0.12144285440444946,1.0153836011886597,0.525,0.0,0.47,0.47,0.0,0.8133163265306124,0.43998494360033524,-0.011377551020408166,0.4491553945187479,0.05,0.8246938775510203,0.0,0.0,0.0,0.05,16.065,0.0,scratch,full,200
16,0,0.545,0.985,0.985,0.935,3.94,4.445,4.445,0.0,0.09858829528093338,1.0117229223251343,0.55,0.0,0.445,0.445,0.0,0.8245918367346938,0.504122033582883,-0.00010204081632653795,0.506179916432593,0.05,0.8246938775510203,0.0,0.0,0.0,0.05,17.17,0.0,scratch,full,200
17,0,0.55,0.985,0.985,0.92,4.36,4.445,4.445,0.0,0.1520506888628006,0.9946961998939514,0.56,0.0,0.435,0.435,0.0,0.8264285714285714,0.5378863846915232,0.0017346938775510163,0.52802044976037,0.05,0.8246938775510203,0.0,0.0,0.0,0.05,17.35,0.0,scratch,full,200
18,0,0.53,0.985,0.985,0.94,4.52,4.445,4.445,0.0,0.12342849373817444,0.977536141872406,0.54,0.0,0.455,0.455,0.0,0.8184693877551021,0.4829160608698656,-0.006224489795918364,0.4814525322802365,0.05,0.8246938775510203,0.0,0.0,0.0,0.05,16.57,0.0,scratch,full,200
19,0,0.545,0.985,0.985,0.935,4.55,4.445,4.445,0.0,0.13772621750831604,0.9730954170227051,0.555,0.0,0.44,0.44,0.0,0.8274489795918367,0.5125259205957319,0.002755102040816323,0.5041116726770997,0.05,0.8246938775510203,0.0,0.0,0.0,0.05,17.45,0.0,scratch,full,200
20,0,0.59,0.985,0.985,0.905,4.355,4.445,4.445,0.0,0.18900462985038757,0.945505678653717,0.6,0.0,0.395,0.395,0.0,0.8218367346938774,0.4907097999795558,-0.0028571428571428584,0.4939018958248198,0.05,0.8246938775510203,0.0,0.0,0.0,0.05,16.9,0.0,scratch,full,200
21,0,0.545,0.985,0.985,0.93,4.895,4.445,4.445,0.0,0.15889550745487213,0.9701036214828491,0.555,0.0,0.44,0.44,0.0,0.822908163265306,0.5049161358505414,-0.0017857142857142915,0.5058313516806812,0.05,0.8246938775510203,0.0,0.0,0.0,0.05,17.005,0.0,scratch,full,200
22,0,0.595,0.985,0.985,0.93,4.455,4.445,4.445,0.0,0.13681922852993011,0.9181717038154602,0.595,0.0,0.395,0.395,0.0,0.8226020408163265,0.4952378347959441,-0.0020918367346938844,0.4974922301853076,0.05,0.8246938775510203,0.0,0.0,0.0,0.05,16.975,0.0,scratch,full,200
23,0,0.585,0.985,0.985,0.92,4.125,4.445,4.445,0.0,0.1576550304889679,0.9635536074638367,0.595,0.0,0.4,0.4,0.0,0.8214285714285714,0.48271722160844144,-0.0032653061224489827,0.4819295068923384,0.05,0.8246938775510203,0.0,0.0,0.0,0.05,16.86,0.0,scratch,full,200
24,0,0.585,0.985,0.985,0.94,4.93,4.445,4.445,0.0,0.1473471224308014,1.00931978225708,0.585,0.0,0.405,0.405,0.0,0.8159693877551021,0.4928851015192717,-0.008724489795918371,0.4952228777343407,0.05,0.8246938775510203,0.0,0.0,0.0,0.05,16.325,0.0,scratch,full,200
25,0,0.61,0.985,0.985,0.925,4.595,4.445,4.445,0.0,0.10785596817731857,0.9202287197113037,0.625,0.0,0.375,0.375,0.0,0.8272448979591838,0.5222228313884717,0.0025510204081632655,0.5168422056995041,0.05,0.8246938775510203,0.0,0.0,0.0,0.05,17.43,0.0,scratch,full,200
26,0,0.59,0.985,0.985,0.915,4.405,4.445,4.445,0.0,0.13777458667755127,0.9617965221405029,0.6,0.0,0.395,0.395,0.0,0.8212244897959183,0.48760717650395696,-0.0034693877551020447,0.48510568981058894,0.05,0.8246938775510203,0.0,0.0,0.0,0.05,16.84,0.0,scratch,full,200
27,0,0.555,0.985,0.985,0.95,4.035,4.445,4.445,0.0,0.07931084930896759,1.0425183773040771,0.565,0.0,0.43,0.43,0.0,0.8215816326530613,0.5017866291384235,-0.0031122448979591876,0.500546216515504,0.05,0.8246938775510203,0.0,0.0,0.0,0.05,16.875,0.0,scratch,full,200
28,0,0.575,0.985,0.985,0.935,4.455,4.445,4.445,0.0,0.15779483318328857,1.0249049663543701,0.585,0.0,0.41,0.41,0.0,0.8187755102040817,0.47294703160473517,-0.005918367346938784,0.48073388860560956,0.05,0.8246938775510203,0.0,0.0,0.0,0.05,16.6,0.0,scratch,full,200
29,0,0.545,0.985,0.985,0.945,4.51,4.445,4.445,0.0,0.11793378740549088,1.0570788383483887,0.555,0.0,0.44,0.44,0.0,0.8128061224489795,0.464578761889369,-0.01188775510204082,0.47016730506438764,0.05,0.8246938775510203,0.0,0.0,0.0,0.05,16.015,0.0,scratch,full,200
30,0,0.55,0.985,0.985,0.945,4.41,4.445,4.445,0.0,0.10670831054449081,1.0496585369110107,0.56,0.0,0.435,0.435,0.0,0.8177040816326531,0.4760889590278979,-0.00698979591836735,0.47967575242742894,0.05,0.8246938775510203,0.0,0.0,0.0,0.05,16.495,0.0,scratch,full,200
31,0,0.58,0.985,0.985,0.95,4.735,4.445,4.445,0.0,0.12269143760204315,1.0494015216827393,0.58,0.0,0.41,0.41,0.0,0.8233673469387754,0.4946949213735137,-0.0013265306122449022,0.5119158217776567,0.05,0.8246938775510203,0.0,0.0,0.0,0.05,17.05,0.0,scratch,full,200
32,0,0.59,0.985,0.985,0.955,4.335,4.445,4.445,0.0,0.12053834646940231,1.0632976293563843,0.6,0.0,0.395,0.395,0.0,0.8133673469387755,0.4573067413694462,-0.011326530612244902,0.4752745625987882,0.05,0.8246938775510203,0.0,0.0,0.0,0.05,16.07,0.0,scratch,full,200
33,0,0.605,0.985,0.985,0.955,4.42,4.445,4.445,0.0,0.0938614085316658,1.1086467504501343,0.615,0.0,0.38,0.38,0.0,0.8091326530612244,0.4516899560107115,-0.01556122448979592,0.46611840268131344,0.05,0.8246938775510203,0.0,0.0,0.0,0.05,15.655,0.0,scratch,full,200
34,0,0.58,0.985,0.985,0.94,4.695,4.445,4.445,0.0,0.104853056371212,1.003078579902649,0.59,0.0,0.405,0.405,0.0,0.8185714285714286,0.4810391171490609,-0.006122448979591839,0.49447403371334075,0.05,0.8246938775510203,0.0,0.0,0.0,0.05,16.58,0.0,scratch,full,200
35,0,0.57,0.985,0.985,0.95,4.105,4.445,4.445,0.0,0.13112680613994598,1.0829086303710938,0.575,0.0,0.415,0.415,0.0,0.8254081632653061,0.5083412287335054,0.0007142857142857118,0.5070314918085933,0.05,0.8246938775510203,0.0,0.0,0.0,0.05,17.25,0.0,scratch,full,200
36,0,0.525,0.985,0.985,0.94,3.975,4.445,4.445,0.0,0.12349314987659454,1.0824668407440186,0.535,0.0,0.46,0.46,0.0,0.8226020408163265,0.4807894751894444,-0.002091836734693876,0.49143222576749396,0.05,0.8246938775510203,0.0,0.0,0.0,0.05,16.975,0.0,scratch,full,200
37,0,0.545,0.985,0.985,0.95,4.145,4.445,4.445,0.0,0.1286357045173645,1.1403697729110718,0.545,0.0,0.445,0.445,0.0,0.8213265306122449,0.4814740480966595,-0.003367346938775515,0.4896902704052627,0.05,0.8246938775510203,0.0,0.0,0.0,0.05,16.85,0.0,scratch,full,200
38,0,0.6,0.985,0.985,0.945,4.595,4.445,4.445,0.0,0.12148819118738174,1.105908989906311,0.6,0.0,0.39,0.39,0.0,0.8240816326530611,0.504858799726787,-0.0006122448979591871,0.5088135525211692,0.05,0.8246938775510203,0.0,0.0,0.0,0.05,17.12,0.0,scratch,full,200
39,0,0.58,0.985,0.985,0.92,4.6,4.445,4.445,0.0,0.1606610119342804,1.1306681632995605,0.59,0.0,0.405,0.405,0.0,0.8192857142857143,0.467237416949809,-0.0054081632653061274,0.48367200498469176,0.05,0.8246938775510203,0.0,0.0,0.0,0.05,16.65,0.0,scratch,full,200
40,0,0.56,0.985,0.985,0.94,4.535,4.445,4.445,0.0,0.10209822654724121,1.1502751111984253,0.57,0.0,0.425,0.425,0.0,0.8127040816326531,0.4660222715200631,-0.011989795918367352,0.46798727658577266,0.05,0.8246938775510203,0.0,0.0,0.0,0.05,16.005,0.0,scratch,full,200
41,0,0.575,0.985,0.985,0.93,4.465,4.445,4.445,0.0,0.14077943563461304,1.1511147022247314,0.585,0.0,0.41,0.41,0.0,0.8174489795918367,0.4755405305429639,-0.007244897959183676,0.48005691353231666,0.05,0.8246938775510203,0.0,0.0,0.0,0.05,16.47,0.0,scratch,full,200
42,0,0.56,0.985,0.985,0.955,4.515,4.445,4.445,0.0,0.09143418073654175,1.0873180627822876,0.57,0.0,0.425,0.425,0.0,0.8096428571428572,0.44371772966862966,-0.015051020408163276,0.45681528090310164,0.05,0.8246938775510203,0.0,0.0,0.0,0.05,15.705,0.0,scratch,full,200
43,0,0.59,0.985,0.985,0.95,4.375,4.445,4.445,0.0,0.10439426451921463,1.1234081983566284,0.59,0.0,0.4,0.4,0.0,0.8144897959183675,0.4520865165756096,-0.010204081632653062,0.46626320266892435,0.05,0.8246938775510203,0.0,0.0,0.0,0.05,16.18,0.0,scratch,full,200
44,0,0.6,0.985,0.985,0.96,4.765,4.445,4.445,0.0,0.062032993882894516,1.1685928106307983,0.61,0.0,0.385,0.385,0.0,0.8104591836734696,0.43294992775874946,-0.014234693877551021,0.4418234984576702,0.05,0.8246938775510203,0.0,0.0,0.0,0.05,15.785,0.0,scratch,full,200
45,0,0.58,0.985,0.985,0.955,4.46,4.445,4.445,0.0,0.11128740012645721,1.1094770431518555,0.59,0.0,0.405,0.405,0.0,0.8190816326530611,0.4740949372312172,-0.0056122448979591885,0.48484184622298926,0.05,0.8246938775510203,0.0,0.0,0.0,0.05,16.63,0.0,scratch,full,200
46,0,0.585,0.985,0.985,0.955,4.305,4.445,4.445,0.0,0.0675925761461258,1.1643122434616089,0.595,0.0,0.4,0.4,0.0,0.8228061224489797,0.47164440245992634,-0.0018877551020408173,0.47398901876527816,0.05,0.8246938775510203,0.0,0.0,0.0,0.05,16.995,0.0,scratch,full,200
47,0,0.565,0.985,0.985,0.945,4.365,4.445,4.445,0.0,0.07140420377254486,1.26419997215271,0.575,0.0,0.42,0.42,0.0,0.8121938775510205,0.4647452749148579,-0.012500000000000004,0.4668802113365382,0.05,0.8246938775510203,0.0,0.0,0.0,0.05,15.955,0.0,scratch,full,200
48,0,0.57,0.985,0.985,0.945,4.31,4.445,4.445,0.0,0.09118421375751495,1.150766134262085,0.58,0.0,0.415,0.415,0.0,0.8126020408163265,0.4693355546259017,-0.012091836734693879,0.4724106934852898,0.05,0.8246938775510203,0.0,0.0,0.0,0.05,15.995,0.0,scratch,full,200
49,0,0.58,0.985,0.985,0.96,4.28,4.445,4.445,0.0,0.07524300366640091,1.2334873676300049,0.59,0.0,0.405,0.405,0.0,0.8148979591836735,0.4520995344840335,-0.00979591836734694,0.4545384896248288,0.05,0.8246938775510203,0.0,0.0,0.0,0.05,16.22,0.0,scratch,full,200
50,0,0.58,0.985,0.985,0.935,4.705,4.445,4.445,0.0,0.10529971867799759,1.2336481809616089,0.59,0.0,0.405,0.405,0.0,0.8136224489795919,0.4599814168074109,-0.011071428571428572,0.4594181373436004,0.05,0.8246938775510203,0.0,0.0,0.0,0.05,16.095,0.0,scratch,full,200
51,0,0.595,0.985,0.985,0.935,4.225,4.445,4.445,0.0,0.12804381549358368,1.1974682807922363,0.605,0.0,0.39,0.39,0.0,0.8195408163265308,0.4784732763425705,-0.005153061224489794,0.48037383195012806,0.05,0.8246938775510203,0.0,0.0,0.0,0.05,16.675,0.0,scratch,full,200
52,0,0.55,0.985,0.985,0.95,4.575,4.445,4.445,0.0,0.1259613186120987,1.2447595596313477,0.56,0.0,0.435,0.435,0.0,0.8175,0.4566681394013958,-0.0071938775510204086,0.46162569904277917,0.05,0.8246938775510203,0.0,0.0,0.0,0.05,16.475,0.0,scratch,full,200
53,0,0.59,0.985,0.985,0.955,3.975,4.445,4.445,0.0,0.07673653960227966,1.2119728326797485,0.6,0.0,0.395,0.395,0.0,0.8138775510204082,0.4511245446195904,-0.010816326530612248,0.4422492591943592,0.05,0.8246938775510203,0.0,0.0,0.0,0.05,16.12,0.0,scratch,full,200
54,0,0.6,0.985,0.985,0.95,4.525,4.445,4.445,0.0,0.09720639139413834,1.1653214693069458,0.61,0.0,0.385,0.385,0.0,0.8226020408163265,0.4846365138245979,-0.0020918367346938766,0.4783175990357995,0.05,0.8246938775510203,0.0,0.0,0.0,0.05,16.975,0.0,scratch,full,200
55,0,0.575,0.985,0.985,0.965,4.35,4.445,4.445,0.0,0.06262911111116409,1.310526728630066,0.585,0.0,0.41,0.41,0.0,0.8251020408163265,0.47009609637087807,0.000408163265306119,0.4731700670812279,0.05,0.8246938775510203,0.0,0.0,0.0,0.05,17.22,0.0,scratch,full,200
56,0,0.565,0.985,0.985,0.945,4.155,4.445,4.445,0.0,0.1101246103644371,1.2843726873397827,0.575,0.0,0.42,0.42,0.0,0.8229591836734694,0.48205467746008396,-0.0017346938775510234,0.480720185241662,0.05,0.8246938775510203,0.0,0.0,0.0,0.05,17.01,0.0,scratch,full,200
57,0,0.575,0.985,0.985,0.92,4.015,4.445,4.445,0.0,0.15588155388832092,1.2968755960464478,0.585,0.0,0.41,0.41,0.0,0.8265816326530613,0.4895963150265441,0.0018877551020408145,0.49153055033646526,0.05,0.8246938775510203,0.0,0.0,0.0,0.05,17.365,0.0,scratch,full,200
58,0,0.535,0.985,0.985,0.95,4.675,4.445,4.445,0.0,0.0870964452624321,1.3448938131332397,0.545,0.0,0.45,0.45,0.0,0.8190816326530611,0.46857101291878694,-0.005612244897959187,0.4659670517686754,0.05,0.8246938775510203,0.0,0.0,0.0,0.05,16.63,0.0,scratch,full,200
59,0,0.595,0.985,0.985,0.935,4.47,4.445,4.445,0.0,0.13640493154525757,1.2236117124557495,0.605,0.0,0.39,0.39,0.0,0.8248979591836735,0.4811846220412642,0.00020408163265305646,0.4735798004735261,0.05,0.8246938775510203,0.0,0.0,0.0,0.05,17.2,0.0,scratch,full,200
60,0,0.57,0.985,0.985,0.93,4.805,4.445,4.445,0.0,0.09723039716482162,1.3170344829559326,0.58,0.0,0.415,0.415,0.0,0.8162244897959182,0.4626021383620931,-0.00846938775510204,0.4593543595355004,0.05,0.8246938775510203,0.0,0.0,0.0,0.05,16.35,0.0,scratch,full,200
61,0,0.58,0.985,0.985,0.94,4.405,4.445,4.445,0.0,0.09710459411144257,1.2382653951644897,0.59,0.0,0.405,0.405,0.0,0.8177551020408163,0.4603362183680297,-0.006938775510204085,0.460326196574606,0.05,0.8246938775510203,0.0,0.0,0.0,0.05,16.5,0.0,scratch,full,200
62,0,0.575,0.985,0.985,0.97,4.26,4.445,4.445,0.0,0.06580071151256561,1.2889299392700195,0.585,0.0,0.41,0.41,0.0,0.8156122448979591,0.44965516001823,-0.009081632653061228,0.4518661226332188,0.05,0.8246938775510203,0.0,0.0,0.0,0.05,16.29,0.0,scratch,full,200
63,0,0.585,0.985,0.985,0.94,4.585,4.445,4.445,0.0,0.11442746967077255,1.2619653940200806,0.595,0.0,0.4,0.4,0.0,0.8183673469387756,0.4557043276978353,-0.006326530612244902,0.44830295399297027,0.05,0.8246938775510203,0.0,0.0,0.0,0.05,16.56,0.0,scratch,full,200
64,0,0.59,0.985,0.985,0.94,4.295,4.445,4.445,0.0,0.10692781209945679,1.308895230293274,0.6,0.0,0.395,0.395,0.0,0.8186224489795919,0.4581103784590548,-0.006071428571428576,0.4515564938494936,0.05,0.8246938775510203,0.0,0.0,0.0,0.05,16.585,0.0,scratch,full,200
65,0,0.585,0.985,0.985,0.94,4.49,4.445,4.445,0.0,0.1067178025841713,1.2437103986740112,0.595,0.0,0.4,0.4,0.0,0.8169387755102041,0.45582138628363283,-0.007755102040816328,0.45450161728818783,0.05,0.8246938775510203,0.0,0.0,0.0,0.05,16.42,0.0,scratch,full,200
66,0,0.575,0.985,0.985,0.94,4.635,4.445,4.445,0.0,0.09315162897109985,1.323488712310791,0.585,0.0,0.41,0.41,0.0,0.8183163265306124,0.471866084460823,-0.006377551020408165,0.4648805462103337,0.05,0.8246938775510203,0.0,0.0,0.0,0.05,16.555,0.0,scratch,full,200
67,0,0.57,0.985,0.985,0.945,4.515,4.445,4.445,0.0,0.10974117368459702,1.2579809427261353,0.58,0.0,0.415,0.415,0.0,0.8154591836734695,0.45392669954990167,-0.009234693877551024,0.4596079497039318,0.05,0.8246938775510203,0.0,0.0,0.0,0.05,16.275,0.0,scratch,full,200
68,0,0.59,0.985,0.985,0.935,4.265,4.445,4.445,0.0,0.08985190093517303,1.27216374874115,0.6,0.0,0.395,0.395,0.0,0.8181122448979593,0.4620703877606138,-0.006581632653061233,0.4616360387764871,0.05,0.8246938775510203,0.0,0.0,0.0,0.05,16.535,0.0,scratch,full,200
69,0,0.575,0.985,0.985,0.965,4.44,4.445,4.445,0.0,0.060498446226119995,1.341639757156372,0.585,0.0,0.41,0.41,0.0,0.8177551020408163,0.4532371269725535,-0.006938775510204082,0.4585289375775028,0.05,0.8246938775510203,0.0,0.0,0.0,0.05,16.5,0.0,scratch,full,200
70,0,0.6,0.985,0.985,0.95,4.52,4.445,4.445,0.0,0.07198399305343628,1.2485055923461914,0.61,0.0,0.385,0.385,0.0,0.810561224489796,0.44789630976978645,-0.014132653061224494,0.45322728364961223,0.05,0.8246938775510203,0.0,0.0,0.0,0.05,15.795,0.0,scratch,full,200
71,0,0.61,0.985,0.985,0.955,4.235,4.445,4.445,0.0,0.10018549114465714,1.2956472635269165,0.62,0.0,0.375,0.375,0.0,0.8198979591836735,0.46788891436676333,-0.004795918367346941,0.45777424948260886,0.05,0.8246938775510203,0.0,0.0,0.0,0.05,16.71,0.0,scratch,full,200
72,0,0.61,0.985,0.985,0.97,4.74,4.445,4.445,0.0,0.059099093079566956,1.2218877077102661,0.62,0.0,0.375,0.375,0.0,0.8135714285714286,0.4532075264308295,-0.011122448979591838,0.45083471145975634,0.05,0.8246938775510203,0.0,0.0,0.0,0.05,16.09,0.0,scratch,full,200
73,0,0.6,0.985,0.985,0.965,4.54,4.445,4.445,0.0,0.09165225923061371,1.2736599445343018,0.61,0.0,0.385,0.385,0.0,0.8089285714285714,0.4437698190510211,-0.015765306122448985,0.4488097820061375,0.05,0.8246938775510203,0.0,0.0,0.0,0.05,15.635,0.0,scratch,full,200
74,0,0.59,0.985,0.985,0.965,4.535,4.445,4.445,0.0,0.07282279431819916,1.2975339889526367,0.6,0.0,0.395,0.395,0.0,0.812142857142857,0.44339886721828364,-0.012551020408163265,0.4505368432591786,0.05,0.8246938775510203,0.0,0.0,0.0,0.05,15.95,0.0,scratch,full,200
75,0,0.57,0.985,0.985,0.945,4.36,4.445,4.445,0.0,0.07876616716384888,1.3567079305648804,0.58,0.0,0.415,0.415,0.0,0.8141836734693877,0.44224581529897,-0.010510204081632658,0.44098030531808036,0.05,0.8246938775510203,0.0,0.0,0.0,0.05,16.15,0.0,scratch,full,200
76,0,0.585,0.985,0.985,0.955,4.32,4.445,4.445,0.0,0.09346410632133484,1.315527319908142,0.595,0.0,0.4,0.4,0.0,0.815612244897959,0.4489822586724034,-0.009081632653061231,0.44678472182713447,0.05,0.8246938775510203,0.0,0.0,0.0,0.05,16.29,0.0,scratch,full,200
77,0,0.6,0.985,0.985,0.96,4.405,4.445,4.445,0.0,0.08770779520273209,1.2569422721862793,0.61,0.0,0.385,0.385,0.0,0.8211224489795919,0.46831628685431764,-0.003571428571428576,0.46036790378391745,0.05,0.8246938775510203,0.0,0.0,0.0,0.05,16.83,0.0,scratch,full,200
78,0,0.57,0.985,0.985,0.945,4.44,4.445,4.445,0.0,0.09400524944067001,1.3374050855636597,0.58,0.0,0.415,0.415,0.0,0.8130612244897959,0.4485962759357872,-0.011632653061224494,0.44392631068389166,0.05,0.8246938775510203,0.0,0.0,0.0,0.05,16.04,0.0,scratch,full,200
79,0,0.575,0.985,0.985,0.94,4.57,4.445,4.445,0.0,0.10018659383058548,1.3587121963500977,0.585,0.0,0.41,0.41,0.0,0.8183673469387756,0.4578786080181188,-0.0063265306122449036,0.4546215650302474,0.05,0.8246938775510203,0.0,0.0,0.0,0.05,16.56,0.0,scratch,full,200
80,0,0.61,0.985,0.985,0.95,4.62,4.445,4.445,0.0,0.0761113241314888,1.257535457611084,0.62,0.0,0.375,0.375,0.0,0.8132653061224491,0.4465567468048828,-0.011428571428571432,0.4427087872059201,0.05,0.8246938775510203,0.0,0.0,0.0,0.05,16.06,0.0,scratch,full,200
81,0,0.62,0.985,0.985,0.96,4.57,4.445,4.445,0.0,0.06554753333330154,1.2437680959701538,0.63,0.0,0.365,0.365,0.0,0.8153061224489797,0.4563112752052198,-0.009387755102040823,0.451295108855993,0.05,0.8246938775510203,0.0,0.0,0.0,0.05,16.26,0.0,scratch,full,200
82,0,0.605,0.985,0.985,0.945,4.475,4.445,4.445,0.0,0.06344220787286758,1.291043758392334,0.615,0.0,0.38,0.38,0.0,0.8157653061224489,0.4464465257411297,-0.008928571428571435,0.4533976826258004,0.05,0.8246938775510203,0.0,0.0,0.0,0.05,16.305,0.0,scratch,full,200
83,0,0.61,0.985,0.985,0.96,4.39,4.445,4.445,0.0,0.06562518328428268,1.288028597831726,0.62,0.0,0.375,0.375,0.0,0.8157142857142857,0.44952506302988887,-0.008979591836734697,0.4550310494800215,0.05,0.8246938775510203,0.0,0.0,0.0,0.05,16.3,0.0,scratch,full,200
84,0,0.61,0.985,0.985,0.95,4.5,4.445,4.445,0.0,0.07417862117290497,1.2949421405792236,0.62,0.0,0.375,0.375,0.0,0.8168367346938775,0.44857043508316957,-0.007857142857142863,0.4503044039243832,0.05,0.8246938775510203,0.0,0.0,0.0,0.05,16.41,0.0,scratch,full,200
85,0,0.62,0.985,0.985,0.935,4.565,4.445,4.445,0.0,0.08766031265258789,1.2552539110183716,0.63,0.0,0.365,0.365,0.0,0.8162244897959182,0.449258971799815,-0.008469387755102047,0.45429791953909443,0.05,0.8246938775510203,0.0,0.0,0.0,0.05,16.35,0.0,scratch,full,200
86,0,0.605,0.985,0.985,0.94,4.56,4.445,4.445,0.0,0.10621047765016556,1.2865489721298218,0.615,0.0,0.38,0.38,0.0,0.8169387755102041,0.4552605266517023,-0.007755102040816333,0.45858182871743336,0.05,0.8246938775510203,0.0,0.0,0.0,0.05,16.42,0.0,scratch,full,200
87,0,0.61,0.985,0.985,0.94,4.625,4.445,4.445,0.0,0.0757136270403862,1.260430932044983,0.62,0.0,0.375,0.375,0.0,0.8144897959183675,0.44447440792748605,-0.01020408163265307,0.4518800751728122,0.05,0.8246938775510203,0.0,0.0,0.0,0.05,16.18,0.0,scratch,full,200
88,0,0.62,0.985,0.985,0.945,4.585,4.445,4.445,0.0,0.0892641618847847,1.282231092453003,0.63,0.0,0.365,0.365,0.0,0.8176020408163265,0.4531033370401887,-0.007091836734693883,0.45568484408780935,0.05,0.8246938775510203,0.0,0.0,0.0,0.05,16.485,0.0,scratch,full,200
89,0,0.6,0.985,0.985,0.95,4.58,4.445,4.445,0.0,0.08449752628803253,1.2807207107543945,0.61,0.0,0.385,0.385,0.0,0.8160204081632654,0.4526252015886937,-0.00867346938775511,0.45260882371105254,0.05,0.8246938775510203,0.0,0.0,0.0,0.05,16.33,0.0,scratch,full,200
90,0,0.61,0.985,0.985,0.945,4.55,4.445,4.445,0.0,0.07418045401573181,1.2836493253707886,0.62,0.0,0.375,0.375,0.0,0.8160204081632653,0.455939724724837,-0.008673469387755109,0.4548313353396952,0.05,0.8246938775510203,0.0,0.0,0.0,0.05,16.33,0.0,scratch,full,200
91,0,0.595,0.985,0.985,0.94,4.4,4.445,4.445,0.0,0.0934264212846756,1.2915740013122559,0.605,0.0,0.39,0.39,0.0,0.8159693877551021,0.4524421437938384,-0.008724489795918373,0.44967154813493837,0.05,0.8246938775510203,0.0,0.0,0.0,0.05,16.325,0.0,scratch,full,200
92,0,0.6,0.985,0.985,0.945,4.495,4.445,4.445,0.0,0.0943898931145668,1.261568546295166,0.61,0.0,0.385,0.385,0.0,0.8157653061224489,0.4486378590882383,-0.008928571428571435,0.44698715775768505,0.05,0.8246938775510203,0.0,0.0,0.0,0.05,16.305,0.0,scratch,full,200
93,0,0.6,0.985,0.985,0.935,4.495,4.445,4.445,0.0,0.09500856697559357,1.2786918878555298,0.61,0.0,0.385,0.385,0.0,0.814795918367347,0.44714081965860725,-0.009897959183673475,0.44909158596332416,0.05,0.8246938775510203,0.0,0.0,0.0,0.05,16.21,0.0,scratch,full,200
94,0,0.6,0.985,0.985,0.94,4.5,4.445,4.445,0.0,0.09384727478027344,1.2913671731948853,0.61,0.0,0.385,0.385,0.0,0.8163775510204081,0.451500186022805,-0.008316326530612253,0.4509836577207898,0.05,0.8246938775510203,0.0,0.0,0.0,0.05,16.365,0.0,scratch,full,200
95,0,0.605,0.985,0.985,0.94,4.485,4.445,4.445,0.0,0.08748780190944672,1.2815362215042114,0.615,0.0,0.38,0.38,0.0,0.8168877551020409,0.45147506453371433,-0.0078061224489796,0.45187148207362043,0.05,0.8246938775510203,0.0,0.0,0.0,0.05,16.415,0.0,scratch,full,200
96,0,0.605,0.985,0.985,0.94,4.505,4.445,4.445,0.0,0.08947810530662537,1.2814010381698608,0.615,0.0,0.38,0.38,0.0,0.8167346938775512,0.4520172744419646,-0.007959183673469395,0.4533683456995641,0.05,0.8246938775510203,0.0,0.0,0.0,0.05,16.4,0.0,scratch,full,200
97,0,0.61,0.985,0.985,0.94,4.51,4.445,4.445,0.0,0.08867480605840683,1.2833032608032227,0.62,0.0,0.375,0.375,0.0,0.8169387755102042,0.4516179499052762,-0.007755102040816336,0.45331191318604397,0.05,0.8246938775510203,0.0,0.0,0.0,0.05,16.42,0.0,scratch,full,200
98,0,0.605,0.985,0.985,0.94,4.495,4.445,4.445,0.0,0.09148998558521271,1.2831637859344482,0.615,0.0,0.38,0.38,0.0,0.8167857142857141,0.4505491488603027,-0.007908163265306134,0.4526254183010315,0.05,0.8246938775510203,0.0,0.0,0.0,0.05,16.405,0.0,scratch,full,200
99,0,0.605,0.985,0.985,0.94,4.495,4.445,4.445,0.0,0.08950832486152649,1.281667947769165,0.615,0.0,0.38,0.38,0.0,0.8167346938775509,0.45045926547337545,-0.007959183673469395,0.45267282934422837,0.05,0.8246938775510203,0.0,0.0,0.0,0.05,16.4,0.0,scratch,full,200
100,0,0.605,0.985,0.985,0.94,4.495,4.445,4.445,0.0,0.09320668131113052,1.2816758155822754,0.615,0.0,0.38,0.38,0.0,0.8169387755102042,0.45193824096304736,-0.007755102040816333,0.4530274029591237,0.05,0.8246938775510203,0.0,0.0,0.0,0.05,16.42,0.0,scratch,full,200
0,0,0.085,0.985,0.9,0.865,5.92,4.445,4.425,0.2180282473564148,0.3494100272655487,1.8246694803237915,0.09,0.09,0.9,0.83,10.0,0.850561224489796,0.5981794121635886,0.025867346938775508,0.5913978515937924,0.05,0.8451530612244897,0.5638985049597482,0.020459183673469387,0.5647438720613718,0.05,1.99,1.46,scratch,random_rescue_10,200
1,0,0.27,0.985,0.94,0.91,4.97,4.445,4.335,0.11286979913711548,0.16620978713035583,1.5392380952835083,0.27,0.045,0.715,0.68,10.0,0.8150510204081632,0.4315305230956722,-0.009642857142857146,0.4316163356351899,0.05,0.8173979591836735,0.45427950416054685,-0.007295918367346943,0.45109008306637405,0.05,1.705,1.935,scratch,random_rescue_10,200
2,0,0.355,0.985,0.95,0.96,4.215,4.445,4.425,0.079046830534935,0.07436899840831757,1.4052969217300415,0.36,0.035,0.63,0.6,10.0,0.8219387755102041,0.4592100441682236,-0.002755102040816333,0.4509357883463963,0.05,0.8217346938775509,0.4648587413819519,-0.0029591836734693903,0.46389658440370113,0.05,1.735,1.715,scratch,random_rescue_10,200
3,0,0.35,0.985,0.94,0.94,4.665,4.445,4.325,0.08134328573942184,0.0944526419043541,1.369389295578003,0.355,0.045,0.635,0.595,10.0,0.8075,0.4227847802250584,-0.017193877551020413,0.4260017249308294,0.05,0.8101530612244897,0.4442714888742681,-0.014540816326530615,0.44404148768924645,0.05,1.625,1.885,scratch,random_rescue_10,200
4,0,0.37,0.985,0.935,0.905,4.305,4.445,4.305,0.10581902414560318,0.19522687792778015,1.3817896842956543,0.375,0.05,0.615,0.57,10.0,0.8367857142857141,0.505936779112605,0.012091836734693877,0.4974716759647708,0.05,0.8340816326530611,0.5063535059130331,0.009387755102040813,0.49770557882264255,0.05,1.975,1.71,scratch,random_rescue_10,200
5,0,0.4,0.985,0.94,0.925,4.34,4.445,4.455,0.10254959762096405,0.16905029118061066,1.329967975616455,0.4,0.045,0.585,0.555,10.0,0.8263775510204081,0.4712359565532249,0.0016836734693877525,0.4654838137677871,0.05,0.8242346938775511,0.4646371368642291,-0.0004591836734693916,0.4658777616592124,0.05,1.9,1.69,scratch,random_rescue_10,200
6,0,0.4,0.985,0.955,0.955,4.545,4.445,4.41,0.09906017035245895,0.1167299672961235,1.3060812950134277,0.41,0.04,0.585,0.55,10.0,0.827091836734694,0.4696001104958736,0.0023979591836734647,0.4697295412328094,0.05,0.8264795918367347,0.46654596796268,0.00178571428571428,0.46529476227849953,0.05,1.86,1.8,scratch,random_rescue_10,200
7,0,0.395,0.985,0.945,0.94,3.98,4.445,4.385,0.15736354887485504,0.16325637698173523,1.2469596862792969,0.405,0.05,0.59,0.545,10.0,0.8386734693877551,0.5008098356736898,0.01397959183673469,0.491490334199043,0.05,0.834795918367347,0.4983082037901231,0.010102040816326527,0.48793475368991496,0.05,1.89,1.51,scratch,random_rescue_10,200
8,0,0.435,0.985,0.95,0.955,5.455,4.445,4.41,0.06849520653486252,0.0723203718662262,1.2626532316207886,0.44,0.035,0.55,0.52,10.0,0.8095918367346939,0.4026191994748451,-0.015102040816326536,0.4052373301850457,0.05,0.8130102040816327,0.4237550711513377,-0.011683673469387758,0.4223448806116357,0.05,1.56,1.895,scratch,random_rescue_10,200
9,0,0.475,0.985,0.955,0.97,5.085,4.445,4.435,0.0713951364159584,0.051987823098897934,1.1625930070877075,0.49,0.03,0.51,0.49,10.0,0.8026020408163265,0.40298108707683805,-0.022091836734693882,0.40903223806410094,0.05,0.8076530612244899,0.42612418520736345,-0.01704081632653062,0.43120444102212785,0.05,1.56,2.055,scratch,random_rescue_10,200
10,0,0.47,0.985,0.94,0.945,4.0,4.445,4.315,0.08887116611003876,0.06354280561208725,1.1420159339904785,0.465,0.045,0.52,0.485,10.0,0.8251020408163267,0.45612993469903035,0.00040816326530611737,0.45959562895819545,0.05,0.8243877551020408,0.46454954560960277,-0.00030612244897959773,0.46801143491640684,0.05,1.795,1.725,scratch,random_rescue_10,200
11,0,0.485,0.985,0.95,0.95,5.315,4.445,4.46,0.06947683542966843,0.08645965903997421,1.1149678230285645,0.49,0.04,0.5,0.47,10.0,0.819438775510204,0.4657713321593098,-0.005255102040816329,0.47130060457391665,0.05,0.8193367346938776,0.4786176350487738,-0.005357142857142862,0.4807288933359086,0.05,1.84,1.83,scratch,random_rescue_10,200
12,0,0.535,0.985,0.935,0.915,4.305,4.445,4.39,0.10564737021923065,0.18797944486141205,1.0738104581832886,0.55,0.05,0.45,0.415,10.0,0.8231632653061225,0.48201889889230554,-0.0015306122448979693,0.48422102731652555,0.05,0.8241836734693878,0.4886003700855994,-0.0005102040816326564,0.4955209559760988,0.05,1.67,1.77,scratch,random_rescue_10,200
13,0,0.49,0.985,0.93,0.925,4.83,4.445,4.35,0.11963795870542526,0.1164439469575882,1.0769537687301636,0.495,0.055,0.5,0.45,10.0,0.7995408163265306,0.4079590395844171,-0.025153061224489796,0.42477281057275834,0.05,0.8058163265306122,0.4388670931541611,-0.018877551020408164,0.4459757115598768,0.05,1.51,2.125,scratch,random_rescue_10,200
14,0,0.54,0.985,0.96,0.905,4.505,4.445,4.48,0.0700598657131195,0.1746271848678589,1.0048367977142334,0.555,0.03,0.445,0.42,10.0,0.8260714285714285,0.4822496855459028,0.0013775510204081577,0.49883984131738546,0.05,0.8263265306122449,0.5028478916711464,0.0016326530612244834,0.5116289933398366,0.05,1.715,1.74,scratch,random_rescue_10,200
15,0,0.545,0.985,0.93,0.92,4.48,4.445,4.47,0.17084170877933502,0.17412838339805603,0.979066014289856,0.56,0.065,0.44,0.4,10.0,0.8190306122448979,0.45235784235789894,-0.0056632653061224544,0.4604863105446566,0.05,0.820561224489796,0.47554866408407503,-0.004132653061224495,0.47203498222865165,0.05,1.735,1.885,scratch,random_rescue_10,200
16,0,0.555,0.985,0.935,0.945,4.385,4.445,4.455,0.10600674897432327,0.12918798625469208,0.9851503968238831,0.565,0.05,0.43,0.395,10.0,0.818265306122449,0.4562641518915548,-0.006428571428571435,0.45767686747014524,0.05,0.8188265306122449,0.47469982839211505,-0.00586734693877551,0.4716497463081032,0.05,1.685,1.74,scratch,random_rescue_10,200
17,0,0.545,0.985,0.94,0.95,4.145,4.445,4.41,0.08340230584144592,0.07725319266319275,1.0226863622665405,0.55,0.045,0.445,0.405,10.0,0.8093367346938776,0.41778249497714565,-0.015357142857142857,0.41807786518707873,0.05,0.8114795918367347,0.42608716164062954,-0.01321428571428572,0.43366574600338936,0.05,1.615,1.825,scratch,random_rescue_10,200
18,0,0.515,0.985,0.93,0.925,4.725,4.445,4.395,0.14906762540340424,0.16060923039913177,1.004005789756775,0.53,0.055,0.47,0.42,10.0,0.8153571428571429,0.45049250925587503,-0.009336734693877555,0.45127510112710295,0.05,0.8167346938775509,0.4562195740262406,-0.007959183673469393,0.46103923585265877,0.05,1.735,1.87,scratch,random_rescue_10,200
19,0,0.55,0.985,0.93,0.93,4.65,4.445,4.355,0.10940626263618469,0.14222541451454163,0.9445083737373352,0.565,0.055,0.435,0.4,10.0,0.8188265306122449,0.4603621288657214,-0.0058673469387755086,0.4636471357010305,0.05,0.8214795918367347,0.47399450896636824,-0.003214285714285715,0.4754857569374144,0.05,1.665,1.925,scratch,random_rescue_10,200
20,0,0.545,0.985,0.925,0.925,4.295,4.445,4.335,0.16213233768939972,0.19374828040599823,0.9787777662277222,0.55,0.065,0.445,0.39,10.0,0.8305102040816327,0.4787245035077051,0.005816326530612247,0.4804664920270443,0.05,0.8296938775510203,0.4900721857569584,0.0049999999999999975,0.4835346459131688,0.05,1.84,1.76,scratch,random_rescue_10,200
21,0,0.545,0.985,0.93,0.945,4.695,4.445,4.43,0.11909162253141403,0.13133636116981506,0.9396312832832336,0.56,0.06,0.44,0.395,10.0,0.8132142857142857,0.43475092121877,-0.011479591836734694,0.44027331709396095,0.05,0.8157653061224489,0.44770844063682524,-0.008928571428571432,0.4478193745389581,0.05,1.595,1.845,scratch,random_rescue_10,200
22,0,0.58,0.985,0.945,0.94,4.765,4.445,4.32,0.10178671032190323,0.11828296631574631,0.9928863048553467,0.58,0.04,0.41,0.38,10.0,0.8156122448979591,0.4494868387812129,-0.00908163265306123,0.4695771867549047,0.05,0.8189285714285713,0.4732834175293131,-0.005765306122448981,0.48795941572636364,0.05,1.63,1.955,scratch,random_rescue_10,200
23,0,0.565,0.985,0.945,0.93,4.445,4.445,4.38,0.05784109979867935,0.14201779663562775,0.9194864630699158,0.58,0.04,0.42,0.39,10.0,0.8113775510204081,0.42310042789078983,-0.01331632653061225,0.43872653105296194,0.05,0.8146938775510205,0.4477977267816057,-0.010000000000000004,0.4471874804701656,0.05,1.665,1.99,scratch,random_rescue_10,200
24,0,0.515,0.985,0.925,0.93,4.62,4.445,4.295,0.11957515776157379,0.1486125886440277,1.0654346942901611,0.515,0.06,0.475,0.435,10.0,0.8111224489795918,0.45242728605128746,-0.013571428571428575,0.46318666510749607,0.05,0.8139285714285713,0.4660124406921378,-0.010765306122448987,0.47805603159591553,0.05,1.545,1.82,scratch,random_rescue_10,200
25,0,0.565,0.985,0.955,0.95,4.59,4.445,4.395,0.06280788779258728,0.07732169330120087,0.9580579996109009,0.575,0.035,0.42,0.39,10.0,0.8013775510204081,0.42648123013560923,-0.023316326530612247,0.4261131467344239,0.05,0.8063775510204081,0.44271982775072205,-0.018316326530612246,0.4445299637503922,0.05,1.525,2.015,scratch,random_rescue_10,200
26,0,0.605,0.985,0.925,0.94,4.27,4.445,4.33,0.10240405052900314,0.11058568209409714,0.957034170627594,0.61,0.06,0.385,0.34,10.0,0.8193877551020408,0.47126939751603314,-0.005306122448979597,0.4689975241292268,0.05,0.8207142857142858,0.4704462809812859,-0.003979591836734698,0.4734484524279833,0.05,1.715,1.845,scratch,random_rescue_10,200
27,0,0.57,0.985,0.94,0.915,4.14,4.445,4.38,0.09767378866672516,0.15702813863754272,1.0177687406539917,0.58,0.045,0.415,0.38,10.0,0.8166836734693877,0.46222872102964546,-0.008010204081632655,0.46823743702610954,0.05,0.8178061224489795,0.47490689990726714,-0.00688775510204082,0.4823635548306629,0.05,1.73,1.84,scratch,random_rescue_10,200
28,0,0.58,0.985,0.93,0.93,4.195,4.445,4.42,0.14680683612823486,0.16906464099884033,1.012757420539856,0.58,0.06,0.41,0.375,10.0,0.8263265306122449,0.4772978435116194,0.0016326530612244849,0.47308313110843303,0.05,0.8257653061224491,0.48224588860383993,0.0010714285714285626,0.4770570079330355,0.05,1.735,1.68,scratch,random_rescue_10,200
29,0,0.6,0.985,0.945,0.945,4.6,4.445,4.45,0.09210619330406189,0.09895110875368118,0.9398180246353149,0.605,0.04,0.39,0.37,10.0,0.8148469387755103,0.45328702469739907,-0.009846938775510208,0.44803552146069703,0.05,0.8168877551020409,0.4722310352322526,-0.007806122448979597,0.46053072365000847,0.05,1.63,1.83,scratch,random_rescue_10,200
30,0,0.57,0.985,0.935,0.935,4.33,4.445,4.35,0.13414599001407623,0.17339684069156647,1.029162883758545,0.575,0.06,0.42,0.375,10.0,0.8204081632653061,0.45808136873454586,-0.0042857142857142885,0.46251083409413696,0.05,0.820561224489796,0.4680570248998407,-0.0041326530612244925,0.4693558218097314,0.05,1.75,1.765,scratch,random_rescue_10,200
31,0,0.57,0.985,0.945,0.94,4.615,4.445,4.35,0.07748895138502121,0.11178865283727646,0.9881160259246826,0.58,0.045,0.415,0.38,10.0,0.8177551020408163,0.46627262008460824,-0.006938775510204087,0.46596082724572624,0.05,0.8186734693877551,0.482358221371811,-0.006020408163265307,0.4772373239416629,0.05,1.75,1.84,scratch,random_rescue_10,200
32,0,0.59,0.985,0.915,0.92,4.285,4.445,4.19,0.14557170867919922,0.13118581473827362,0.9509198069572449,0.6,0.07,0.395,0.335,10.0,0.8242857142857143,0.4839568825222424,-0.000408163265306129,0.47169473626010583,0.05,0.8243877551020408,0.4792269914279018,-0.0003061224489795944,0.4718039339815732,0.05,1.735,1.745,scratch,random_rescue_10,200
33,0,0.575,0.985,0.94,0.93,4.44,4.445,4.335,0.1264919936656952,0.14321090281009674,0.9476940631866455,0.59,0.05,0.41,0.37,10.0,0.8260204081632654,0.4717909969630178,0.0013265306122448917,0.4792620784789324,0.05,0.8253061224489795,0.47700355312102,0.0006122448979591805,0.48162574423477056,0.05,1.715,1.645,scratch,random_rescue_10,200
34,0,0.58,0.985,0.935,0.93,4.295,4.445,4.37,0.14893655478954315,0.18409433960914612,0.9615554809570312,0.585,0.055,0.41,0.37,10.0,0.8210714285714286,0.47229975114951656,-0.003622448979591842,0.46499794082250445,0.05,0.8210204081632653,0.4700154527968628,-0.003673469387755105,0.468542801537551,0.05,1.72,1.715,scratch,random_rescue_10,200
35,0,0.585,0.985,0.91,0.905,4.585,4.445,4.15,0.19332587718963623,0.211523175239563,0.9777528643608093,0.59,0.075,0.4,0.345,10.0,0.8365816326530613,0.5139243014698178,0.01188775510204081,0.5175166443921626,0.05,0.8355102040816326,0.5183859728014671,0.010816326530612241,0.5216142097581178,0.05,1.795,1.69,scratch,random_rescue_10,200
36,0,0.57,0.985,0.945,0.915,4.08,4.445,4.35,0.0789235532283783,0.1680920571088791,1.0831494331359863,0.575,0.04,0.42,0.385,10.0,0.8246938775510203,0.4650170355729709,-4.440892098500626e-18,0.4722559726354666,0.05,0.8265306122448979,0.47384094655620496,0.0018367346938775485,0.47879242068855093,0.05,1.7,1.88,scratch,random_rescue_10,200
37,0,0.575,0.985,0.965,0.93,4.9,4.445,4.385,0.09825721383094788,0.1287761628627777,1.042709469795227,0.575,0.03,0.415,0.4,10.0,0.832704081632653,0.4898043760464635,0.008010204081632645,0.4922830150392838,0.05,0.8317857142857144,0.5053280207352332,0.007091836734693875,0.49642592668067664,0.05,1.765,1.675,scratch,random_rescue_10,200
38,0,0.615,0.985,0.94,0.94,4.48,4.445,4.515,0.0878167450428009,0.10876289010047913,0.9551866054534912,0.63,0.05,0.37,0.34,10.0,0.8170408163265307,0.43223506160940284,-0.007653061224489801,0.4434019098407589,0.05,0.8195408163265305,0.45976011625471747,-0.005153061224489801,0.46585899939760567,0.05,1.645,1.89,scratch,random_rescue_10,200
39,0,0.6,0.985,0.935,0.9,4.48,4.445,4.335,0.0997256338596344,0.16605055332183838,0.9874526262283325,0.6,0.05,0.39,0.365,10.0,0.832908163265306,0.49421796138957536,0.00821428571428571,0.5019022114085965,0.05,0.8341326530612244,0.5072843760726666,0.009438775510204079,0.5030503732664511,0.05,1.75,1.87,scratch,random_rescue_10,200
40,0,0.545,0.985,0.945,0.925,4.85,4.445,4.4,0.10342032462358475,0.1398696005344391,1.0815808773040771,0.545,0.04,0.445,0.415,10.0,0.8225510204081633,0.46597181917069785,-0.002142857142857145,0.47596379711292686,0.05,0.8217346938775509,0.4724616427881584,-0.0029591836734693937,0.48469083789736034,0.05,1.795,1.715,scratch,random_rescue_10,200
41,0,0.61,0.985,0.925,0.935,4.565,4.445,4.305,0.11649516969919205,0.12392307072877884,1.001947045326233,0.61,0.06,0.38,0.345,10.0,0.8249489795918368,0.4701758659763534,0.00025510204081632737,0.4733019812195562,0.05,0.826734693877551,0.48677707028707934,0.002040816326530607,0.48459270514547825,0.05,1.725,1.9,scratch,random_rescue_10,200
42,0,0.6,0.985,0.925,0.915,3.875,4.445,4.405,0.15115393698215485,0.15295644104480743,1.0448195934295654,0.61,0.065,0.385,0.33,10.0,0.83,0.48236091224097577,0.005306122448979588,0.4844433756289072,0.05,0.8291326530612245,0.4882656991773744,0.0044387755102040785,0.49594832595903426,0.05,1.8,1.715,scratch,random_rescue_10,200
43,0,0.58,0.985,0.945,0.915,4.6,4.445,4.455,0.13509005308151245,0.16378581523895264,1.0174496173858643,0.585,0.05,0.41,0.38,10.0,0.8269897959183674,0.4841988058231212,0.002295918367346936,0.48345604838570577,0.05,0.8270918367346938,0.4834859096402244,0.002397959183673464,0.48665585266426203,0.05,1.755,1.765,scratch,random_rescue_10,200
44,0,0.6,0.985,0.92,0.91,4.785,4.445,4.41,0.16751770675182343,0.17007045447826385,1.0714139938354492,0.595,0.07,0.39,0.34,10.0,0.8194897959183675,0.460341592645456,-0.005204081632653065,0.4722765539539978,0.05,0.8217857142857141,0.47155481311692,-0.002908163265306124,0.48318365259096024,0.05,1.625,1.85,scratch,random_rescue_10,200
45,0,0.615,0.985,0.925,0.93,4.54,4.445,4.365,0.09924719482660294,0.11562135070562363,1.0438661575317383,0.63,0.06,0.37,0.325,10.0,0.8186224489795919,0.44651441098302214,-0.006071428571428577,0.4577583029275411,0.05,0.8207142857142858,0.46285779461741505,-0.003979591836734702,0.47986742727458476,0.05,1.565,1.77,scratch,random_rescue_10,200
46,0,0.59,0.985,0.945,0.935,4.615,4.445,4.345,0.08257655799388885,0.1210644319653511,1.0463464260101318,0.6,0.04,0.395,0.365,10.0,0.8150510204081632,0.4499508637631772,-0.009642857142857147,0.4541513500083238,0.05,0.8172448979591838,0.4532523825084904,-0.0074489795918367355,0.4599924044404179,0.05,1.635,1.85,scratch,random_rescue_10,200
47,0,0.59,0.985,0.915,0.905,4.355,4.445,4.29,0.1342357099056244,0.199233278632164,1.127488136291504,0.605,0.07,0.395,0.34,10.0,0.8228061224489797,0.47678235818502634,-0.001887755102040818,0.4706261579366401,0.05,0.8239285714285713,0.48059464358899967,-0.0007653061224489788,0.482099815569818,0.05,1.73,1.84,scratch,random_rescue_10,200
48,0,0.59,0.985,0.935,0.905,4.475,4.445,4.325,0.127346470952034,0.14658786356449127,1.0320461988449097,0.6,0.05,0.395,0.365,10.0,0.8291326530612245,0.47763467780814145,0.004438775510204079,0.4750685518211685,0.05,0.8279591836734694,0.47515723105490754,0.003265306122448975,0.4766478244587779,0.05,1.78,1.665,scratch,random_rescue_10,200
49,0,0.58,0.985,0.935,0.905,4.71,4.445,4.33,0.10692663490772247,0.15516915917396545,1.1252132654190063,0.58,0.05,0.41,0.375,10.0,0.8254591836734693,0.47847253960724495,0.0007653061224489743,0.47948458053171633,0.05,0.8252551020408163,0.479046407700444,0.0005612244897959146,0.4810217166296206,0.05,1.82,1.8,scratch,random_rescue_10,200
50,0,0.575,0.985,0.91,0.91,4.47,4.445,4.295,0.16546635329723358,0.17716889083385468,1.182860016822815,0.575,0.08,0.415,0.35,10.0,0.8137244897959184,0.45294835919457516,-0.010969387755102042,0.45276168977143244,0.05,0.8170408163265307,0.47632659574556085,-0.007653061224489799,0.46409520130837334,0.05,1.54,1.865,scratch,random_rescue_10,200
51,0,0.6,0.985,0.96,0.935,4.44,4.445,4.37,0.04734222590923309,0.10036537051200867,1.0610419511795044,0.595,0.025,0.39,0.37,10.0,0.8201530612244897,0.47937482208879295,-0.004540816326530618,0.48443924617022277,0.05,0.8216836734693878,0.4893058497237439,-0.00301020408163266,0.4936412081867456,0.05,1.635,1.785,scratch,random_rescue_10,200
52,0,0.59,0.985,0.935,0.94,4.225,4.445,4.31,0.10870716720819473,0.12013255804777145,1.1073471307754517,0.595,0.05,0.4,0.365,10.0,0.8223469387755102,0.4845934315893209,-0.002346938775510207,0.47722743095830084,0.05,0.8230612244897959,0.48386994450444937,-0.0016326530612244888,0.4820257377345115,0.05,1.785,1.855,scratch,random_rescue_10,200
53,0,0.585,0.985,0.965,0.93,3.98,4.445,4.38,0.04880969971418381,0.12047875672578812,1.1005439758300781,0.595,0.02,0.4,0.38,10.0,0.8138775510204082,0.4452036047991434,-0.010816326530612243,0.4525930460984819,0.05,0.8163775510204081,0.4499150213662812,-0.008316326530612247,0.45866176202893255,0.05,1.695,1.94,scratch,random_rescue_10,200
54,0,0.615,0.985,0.915,0.93,4.44,4.445,4.185,0.128474622964859,0.12003631889820099,1.038543462753296,0.62,0.07,0.37,0.315,10.0,0.8168367346938774,0.45755000773304094,-0.00785714285714286,0.45830470036773474,0.05,0.8183163265306124,0.4702259610881887,-0.006377551020408168,0.4684369704127312,0.05,1.605,1.75,scratch,random_rescue_10,200
55,0,0.595,0.985,0.965,0.96,4.39,4.445,4.43,0.08139745891094208,0.09085960686206818,1.0924209356307983,0.605,0.03,0.39,0.365,10.0,0.8192346938775511,0.4485421917827818,-0.00545918367346939,0.45370997859630735,0.05,0.8195408163265308,0.4566764667340386,-0.005153061224489799,0.4619661278068088,0.05,1.68,1.71,scratch,random_rescue_10,200
56,0,0.615,0.985,0.92,0.905,4.58,4.445,4.275,0.1569971889257431,0.17791208624839783,1.0282256603240967,0.625,0.07,0.37,0.315,10.0,0.8198469387755103,0.44422075874948647,-0.0048469387755102076,0.4572014676500112,0.05,0.8203571428571428,0.4499616853351959,-0.004336734693877554,0.4622735783061944,0.05,1.765,1.815,scratch,random_rescue_10,200
57,0,0.605,0.985,0.935,0.955,4.73,4.445,4.335,0.09188102930784225,0.062456320971250534,1.1082371473312378,0.61,0.05,0.38,0.34,10.0,0.8139795918367347,0.4483186100175899,-0.010714285714285716,0.4540134509885684,0.05,0.8170408163265306,0.4616277653242197,-0.007653061224489802,0.46615542596206067,0.05,1.62,1.92,scratch,random_rescue_10,200
58,0,0.605,0.985,0.94,0.93,4.525,4.445,4.315,0.13365940749645233,0.12198185175657272,1.0421175956726074,0.615,0.045,0.38,0.355,10.0,0.8123469387755102,0.4379138820837666,-0.012346938775510212,0.45394879006780686,0.05,0.8145408163265305,0.4505567582935078,-0.0101530612244898,0.4654514731746167,0.05,1.665,1.88,scratch,random_rescue_10,200
59,0,0.595,0.985,0.955,0.955,4.285,4.445,4.35,0.06132874637842178,0.0786927118897438,1.093287706375122,0.605,0.03,0.39,0.365,10.0,0.810204081632653,0.43922699563434636,-0.014489795918367349,0.452721708600875,0.05,0.8136224489795919,0.4476478570487056,-0.011071428571428576,0.46289701215922835,0.05,1.6,1.935,scratch,random_rescue_10,200
60,0,0.595,0.985,0.95,0.925,4.48,4.445,4.405,0.07246042042970657,0.11372555792331696,1.0784841775894165,0.605,0.035,0.39,0.365,10.0,0.8085714285714286,0.4218762735788057,-0.016122448979591843,0.43406120899599043,0.05,0.8129591836734693,0.44588216261577146,-0.011734693877551026,0.4523754677153192,0.05,1.49,1.92,scratch,random_rescue_10,200
61,0,0.595,0.985,0.945,0.945,4.21,4.445,4.41,0.10917185992002487,0.07718323916196823,1.1656333208084106,0.6,0.05,0.39,0.35,10.0,0.8130102040816327,0.42533276480940624,-0.011683673469387762,0.4434713615407236,0.05,0.8169897959183675,0.45301256250691146,-0.007704081632653066,0.46486666217911987,0.05,1.51,1.9,scratch,random_rescue_10,200
62,0,0.58,0.985,0.945,0.94,4.095,4.445,4.275,0.07250034064054489,0.10007201880216599,1.1731629371643066,0.59,0.04,0.405,0.365,10.0,0.810561224489796,0.4394980971801548,-0.014132653061224496,0.44414666341850534,0.05,0.8130612244897959,0.44091088441691134,-0.011632653061224492,0.45532875545322893,0.05,1.625,1.87,scratch,random_rescue_10,200
63,0,0.615,0.985,0.925,0.935,4.485,4.445,4.23,0.10649105906486511,0.11065931618213654,1.1062601804733276,0.61,0.065,0.375,0.315,10.0,0.8141836734693878,0.4575553849829119,-0.010510204081632658,0.45625458396505564,0.05,0.8173469387755102,0.46351855206867304,-0.007346938775510205,0.4624788121902384,0.05,1.6,1.91,scratch,random_rescue_10,200
64,0,0.63,0.985,0.925,0.925,4.575,4.445,4.345,0.11564664542675018,0.1485927253961563,1.016321063041687,0.64,0.06,0.355,0.3,10.0,0.8212755102040816,0.4642174298469145,-0.0034183673469387827,0.47518066261254716,0.05,0.8213265306122449,0.4640934018637263,-0.0033673469387755094,0.47794845554977655,0.05,1.77,1.775,scratch,random_rescue_10,200
65,0,0.615,0.985,0.935,0.94,4.485,4.445,4.38,0.07799940556287766,0.09464681893587112,1.0283117294311523,0.625,0.05,0.37,0.325,10.0,0.8104081632653061,0.4444670973978259,-0.014285714285714289,0.4499652485951083,0.05,0.814438775510204,0.45505574858449566,-0.010255102040816332,0.46057433633424805,0.05,1.63,2.025,scratch,random_rescue_10,200
66,0,0.61,0.985,0.95,0.925,4.55,4.445,4.4,0.09183383733034134,0.11800102144479752,1.0930085182189941,0.615,0.035,0.375,0.345,10.0,0.8143877551020409,0.4548232207781193,-0.0103061224489796,0.45570822290377694,0.05,0.8163775510204081,0.4565196891327847,-0.008316326530612247,0.45752868477255104,0.05,1.705,1.9,scratch,random_rescue_10,200
67,0,0.62,0.985,0.93,0.935,4.4,4.445,4.315,0.10503311455249786,0.10820739716291428,1.055971384048462,0.625,0.06,0.365,0.31,10.0,0.8198469387755103,0.46634098795177975,-0.004846938775510209,0.46463592736981807,0.05,0.820204081632653,0.47012131052824435,-0.004489795918367348,0.46513083626981827,0.05,1.79,1.825,scratch,random_rescue_10,200
68,0,0.605,0.985,0.94,0.925,4.565,4.445,4.33,0.10980799049139023,0.13786953687667847,1.1437363624572754,0.605,0.045,0.385,0.345,10.0,0.8164285714285714,0.45241823839107825,-0.008265306122448983,0.4592937457107473,0.05,0.8192857142857143,0.46213904216923807,-0.0054081632653061274,0.46858297832426615,0.05,1.55,1.83,scratch,random_rescue_10,200
69,0,0.595,0.985,0.93,0.91,4.66,4.445,4.305,0.11333689838647842,0.14728818833827972,1.1132307052612305,0.59,0.055,0.395,0.355,10.0,0.8157142857142857,0.45110621297161163,-0.008979591836734701,0.46299954200629145,0.05,0.8179081632653061,0.46678604446633126,-0.006785714285714291,0.47604854036588223,0.05,1.615,1.83,scratch,random_rescue_10,200
70,0,0.635,0.985,0.945,0.94,4.675,4.445,4.42,0.1141108050942421,0.14125366508960724,1.0531260967254639,0.63,0.05,0.355,0.32,10.0,0.8181632653061225,0.4659490162861099,-0.006530612244897962,0.4632871343707666,0.05,0.8209183673469389,0.4745466599225135,-0.003775510204081632,0.47310146489413457,0.05,1.61,1.88,scratch,random_rescue_10,200
71,0,0.595,0.985,0.95,0.945,4.235,4.445,4.395,0.0962613895535469,0.1461745798587799,1.1395385265350342,0.595,0.045,0.395,0.35,10.0,0.8159183673469389,0.447836690011201,-0.008775510204081636,0.4551010954193771,0.05,0.8178571428571427,0.4602239561750921,-0.0068367346938775575,0.46646335419267415,0.05,1.585,1.775,scratch,random_rescue_10,200
72,0,0.6,0.985,0.935,0.92,4.585,4.445,4.38,0.09648922085762024,0.13872380554676056,1.1209980249404907,0.605,0.05,0.385,0.35,10.0,0.8211734693877552,0.47361972957841875,-0.003520408163265312,0.4771956885000691,0.05,0.822704081632653,0.4726691889085795,-0.0019897959183673504,0.4770816944190301,0.05,1.69,1.84,scratch,random_rescue_10,200
73,0,0.61,0.985,0.935,0.92,4.235,4.445,4.34,0.0934271588921547,0.11476105451583862,1.0709666013717651,0.625,0.05,0.375,0.325,10.0,0.8177040816326531,0.4563859765088316,-0.006989795918367352,0.46930693040136245,0.05,0.8203061224489795,0.46645934472894,-0.004387755102040822,0.47680554477730763,0.05,1.58,1.835,scratch,random_rescue_10,200
74,0,0.61,0.985,0.93,0.925,4.42,4.445,4.345,0.11358553916215897,0.15621572732925415,1.1148227453231812,0.615,0.055,0.375,0.325,10.0,0.8170918367346939,0.4589163222545118,-0.007602040816326536,0.4653048418584513,0.05,0.82,0.47850406814309304,-0.004693877551020411,0.4786195256607607,0.05,1.69,1.975,scratch,random_rescue_10,200
75,0,0.615,0.985,0.93,0.92,4.435,4.445,4.23,0.09611617773771286,0.10986127704381943,1.0440975427627563,0.625,0.055,0.37,0.325,10.0,0.8171938775510204,0.4535883452175146,-0.007500000000000006,0.4646401077671908,0.05,0.820561224489796,0.46468980840129664,-0.00413265306122449,0.47431282583158463,0.05,1.595,1.925,scratch,random_rescue_10,200
76,0,0.65,0.985,0.935,0.915,4.215,4.445,4.25,0.098355732858181,0.1547720581293106,1.0213831663131714,0.655,0.05,0.335,0.29,10.0,0.8227551020408163,0.46541112423998937,-0.001938775510204092,0.4713803244312294,0.05,0.8241836734693878,0.46890058083237346,-0.0005102040816326586,0.47055712373927233,0.05,1.65,1.79,scratch,random_rescue_10,200
77,0,0.62,0.985,0.935,0.915,4.355,4.445,4.305,0.0779615044593811,0.14335736632347107,1.0629688501358032,0.625,0.05,0.365,0.32,10.0,0.8231122448979591,0.46715636033846436,-0.0015816326530612302,0.4706370776030235,0.05,0.8235714285714286,0.47442574825887984,-0.001122448979591842,0.47648210372775796,0.05,1.665,1.71,scratch,random_rescue_10,200
78,0,0.625,0.985,0.935,0.93,4.625,4.445,4.38,0.08706190437078476,0.11749549210071564,1.0331922769546509,0.63,0.05,0.36,0.32,10.0,0.8209183673469386,0.4664103426303967,-0.0037755102040816398,0.47287806134438143,0.05,0.8216326530612243,0.4818881664953451,-0.003061224489795924,0.4825634492654353,0.05,1.755,1.825,scratch,random_rescue_10,200
79,0,0.635,0.985,0.94,0.915,4.38,4.445,4.315,0.15065902471542358,0.14418385922908783,1.0705991983413696,0.645,0.05,0.35,0.305,10.0,0.8209693877551021,0.4603094113985943,-0.0037244897959183764,0.4668690515682101,0.05,0.822091836734694,0.46206843162128913,-0.0026020408163265375,0.47035351568134504,0.05,1.755,1.865,scratch,random_rescue_10,200
80,0,0.635,0.985,0.96,0.94,4.53,4.445,4.46,0.0694131851196289,0.11651169508695602,1.0673234462738037,0.645,0.03,0.35,0.32,10.0,0.8233163265306124,0.47211712052267535,-0.0013775510204081676,0.47750259495864156,0.05,0.8239285714285713,0.4806349229766504,-0.0007653061224489843,0.4835193817457184,0.05,1.735,1.795,scratch,random_rescue_10,200
81,0,0.625,0.985,0.945,0.93,4.34,4.445,4.335,0.09086328744888306,0.09197553992271423,1.0967062711715698,0.635,0.04,0.36,0.32,10.0,0.8212755102040815,0.45950946090489214,-0.003418367346938783,0.47397482734639196,0.05,0.8225510204081633,0.4652277540695293,-0.002142857142857147,0.4774516675621271,0.05,1.715,1.84,scratch,random_rescue_10,200
82,0,0.61,0.985,0.97,0.935,4.3,4.445,4.4,0.0685378909111023,0.0973501205444336,1.0659736394882202,0.62,0.02,0.375,0.355,10.0,0.8201020408163265,0.4512655115761657,-0.004591836734693883,0.46550233554560694,0.05,0.8209693877551021,0.4570514118917457,-0.003724489795918371,0.4669613636657596,0.05,1.62,1.705,scratch,random_rescue_10,200
83,0,0.62,0.985,0.955,0.925,4.365,4.445,4.43,0.09025789052248001,0.11454156786203384,1.0868111848831177,0.625,0.035,0.365,0.335,10.0,0.8211734693877552,0.4696398715250612,-0.0035204081632653145,0.47951021855522413,0.05,0.8233163265306122,0.48105917724244784,-0.001377551020408163,0.489721022604499,0.05,1.68,1.89,scratch,random_rescue_10,200
84,0,0.615,0.985,0.945,0.93,4.485,4.445,4.345,0.10435210913419724,0.10848783701658249,1.0966886281967163,0.62,0.045,0.37,0.33,10.0,0.8194897959183673,0.463200225760421,-0.0052040816326530655,0.4754092896566726,0.05,0.8207653061224491,0.4720611100157751,-0.0039285714285714314,0.48584733515977857,0.05,1.65,1.775,scratch,random_rescue_10,200
85,0,0.615,0.985,0.945,0.91,4.45,4.445,4.34,0.1171649768948555,0.14878574013710022,1.0850272178649902,0.625,0.045,0.37,0.33,10.0,0.8204591836734693,0.4704640408388348,-0.004234693877551027,0.48088875283719973,0.05,0.822704081632653,0.48172091221116636,-0.0019897959183673517,0.490854112431407,0.05,1.605,1.825,scratch,random_rescue_10,200
86,0,0.615,0.985,0.92,0.935,4.305,4.445,4.24,0.1333433836698532,0.11123616248369217,1.108575701713562,0.625,0.065,0.37,0.315,10.0,0.8199489795918368,0.4619345828849833,-0.004744897959183676,0.47463447752408683,0.05,0.8218877551020408,0.48359596112530656,-0.0028061224489795956,0.48921154990326615,0.05,1.62,1.81,scratch,random_rescue_10,200
87,0,0.61,0.985,0.95,0.93,4.445,4.445,4.325,0.07999264448881149,0.10545913875102997,1.0699958801269531,0.62,0.035,0.375,0.34,10.0,0.8213775510204081,0.4718502845295707,-0.0033163265306122495,0.4866434887656942,0.05,0.8237244897959184,0.49660774548280556,-0.0009693877551020446,0.5036894335225225,0.05,1.655,1.885,scratch,random_rescue_10,200
88,0,0.605,0.985,0.95,0.92,4.435,4.445,4.35,0.10469470173120499,0.13874094188213348,1.062739610671997,0.615,0.04,0.38,0.345,10.0,0.8207653061224491,0.4609600716818129,-0.003928571428571436,0.47667922696564347,0.05,0.8223469387755102,0.48438666991612145,-0.0023469387755102084,0.4874887641100213,0.05,1.605,1.76,scratch,random_rescue_10,200
89,0,0.62,0.985,0.93,0.93,4.465,4.445,4.395,0.10673653334379196,0.09685876965522766,1.0968523025512695,0.63,0.055,0.365,0.315,10.0,0.8213265306122449,0.4645927161289233,-0.0033673469387755202,0.47667983424384147,0.05,0.8221938775510205,0.47719433557466556,-0.002500000000000005,0.484881023010239,0.05,1.69,1.775,scratch,random_rescue_10,200
90,0,0.62,0.985,0.94,0.945,4.41,4.445,4.285,0.07189533859491348,0.08584728091955185,1.0471686124801636,0.63,0.045,0.365,0.32,10.0,0.8213775510204081,0.464237269844722,-0.003316326530612255,0.47884916646871717,0.05,0.8233163265306124,0.47104802549585467,-0.0013775510204081698,0.4874361600540578,0.05,1.585,1.775,scratch,random_rescue_10,200
91,0,0.63,0.985,0.925,0.935,4.395,4.445,4.29,0.12740330398082733,0.09954266250133514,1.0583995580673218,0.64,0.06,0.355,0.305,10.0,0.8212755102040816,0.46569685500523644,-0.0034183673469387866,0.47757273364812136,0.05,0.8231632653061225,0.4771277271956152,-0.0015306122448979637,0.48721264919266105,0.05,1.74,1.925,scratch,random_rescue_10,200
92,0,0.635,0.985,0.93,0.92,4.535,4.445,4.45,0.10899004340171814,0.12273334711790085,1.0595990419387817,0.645,0.055,0.35,0.31,10.0,0.8214795918367347,0.46817703562606383,-0.0032142857142857216,0.4786039526434615,0.05,0.8218367346938777,0.4741208314560979,-0.0028571428571428563,0.48100656422786414,0.05,1.7,1.735,scratch,random_rescue_10,200
93,0,0.62,0.985,0.925,0.935,4.455,4.445,4.295,0.11840425431728363,0.09370691329240799,1.070312261581421,0.63,0.06,0.365,0.325,10.0,0.820561224489796,0.46008775715447825,-0.004132653061224499,0.4730913590732962,0.05,0.8210714285714285,0.47485018835384524,-0.003622448979591837,0.48225166085409,0.05,1.705,1.755,scratch,random_rescue_10,200
94,0,0.615,0.985,0.935,0.93,4.43,4.445,4.355,0.11734934896230698,0.10516892373561859,1.0771777629852295,0.625,0.05,0.37,0.34,10.0,0.8208673469387756,0.46099409569186656,-0.0038265306122449057,0.4729417670238763,0.05,0.8229081632653061,0.47513332980113937,-0.0017857142857142904,0.4823045696131885,0.05,1.65,1.85,scratch,random_rescue_10,200
95,0,0.625,0.985,0.945,0.935,4.51,4.445,4.315,0.08177569508552551,0.1042538657784462,1.0680373907089233,0.635,0.04,0.36,0.33,10.0,0.8207653061224489,0.4612014970729105,-0.003928571428571437,0.4734961484838277,0.05,0.8225,0.47601925185667054,-0.002193877551020411,0.4844586509396322,0.05,1.64,1.81,scratch,random_rescue_10,200
96,0,0.625,0.985,0.93,0.92,4.435,4.445,4.41,0.1097833514213562,0.12848754227161407,1.062367558479309,0.635,0.055,0.36,0.33,10.0,0.8206632653061225,0.46249630917627715,-0.004030612244897967,0.47503583090845497,0.05,0.8232142857142857,0.4878309981877895,-0.0014795918367346956,0.4905261918948963,0.05,1.62,1.87,scratch,random_rescue_10,200
97,0,0.615,0.985,0.93,0.93,4.41,4.445,4.275,0.11563348025083542,0.11251602321863174,1.0629907846450806,0.625,0.055,0.37,0.325,10.0,0.8209693877551021,0.4619574690531176,-0.0037244897959183764,0.47427743692882357,0.05,0.8228061224489795,0.4762994633333551,-0.0018877551020408173,0.4856857493519783,0.05,1.625,1.805,scratch,random_rescue_10,200
98,0,0.62,0.985,0.945,0.93,4.43,4.445,4.32,0.08600453287363052,0.10280866920948029,1.0581626892089844,0.63,0.04,0.365,0.335,10.0,0.8207653061224489,0.46298644892956253,-0.003928571428571434,0.47497820445336403,0.05,0.8237244897959184,0.4887608971954043,-0.0009693877551020407,0.49460675711277874,0.05,1.605,1.895,scratch,random_rescue_10,200
99,0,0.62,0.985,0.93,0.93,4.44,4.445,4.315,0.12345558404922485,0.11574891209602356,1.0605533123016357,0.63,0.055,0.365,0.325,10.0,0.8209183673469387,0.4632880401638798,-0.003775510204081639,0.4764366810116917,0.05,0.8248469387755102,0.4891655803396509,0.00015306122448979388,0.4951021630782634,0.05,1.575,1.96,scratch,random_rescue_10,200
100,0,0.62,0.985,0.93,0.925,4.435,4.445,4.355,0.11714151501655579,0.11639083176851273,1.0619111061096191,0.63,0.055,0.365,0.325,10.0,0.8210204081632654,0.4637330581408164,-0.0036734693877551084,0.47618204922415314,0.05,0.8231632653061225,0.48023140149857224,-0.0015306122448979658,0.48607091860845686,0.05,1.61,1.82,scratch,random_rescue_10,200
0,0,0.085,0.985,0.865,0.865,5.92,4.445,4.275,0.3494100272655487,0.3494100272655487,1.8246694803237915,0.09,0.125,0.9,0.8,0.0,0.850561224489796,0.5981794121635886,0.025867346938775508,0.5913978515937924,0.05,0.850561224489796,0.5981794121635886,0.025867346938775508,0.5913978515937924,0.05,0.0,0.0,scratch,student,200
1,0,0.255,0.985,0.92,0.92,4.8,4.445,4.3,0.1274663805961609,0.1274663805961609,1.5394130945205688,0.26,0.065,0.73,0.675,0.0,0.8170408163265306,0.4399961405389622,-0.007653061224489799,0.4360963553824695,0.05,0.8170408163265306,0.4399961405389622,-0.007653061224489799,0.4360963553824695,0.05,0.0,0.0,scratch,student,200
2,0,0.335,0.985,0.95,0.95,4.025,4.445,4.4,0.11083084344863892,0.11083084344863892,1.4070849418640137,0.34,0.035,0.65,0.615,0.0,0.8228061224489795,0.46236292796997774,-0.0018877551020408223,0.45710882599931213,0.05,0.8228061224489795,0.46236292796997774,-0.0018877551020408223,0.45710882599931213,0.05,0.0,0.0,scratch,student,200
3,0,0.37,0.985,0.945,0.945,4.375,4.445,4.405,0.08831937611103058,0.08831937611103058,1.3733865022659302,0.38,0.045,0.615,0.58,0.0,0.7959183673469389,0.3647970777373461,-0.028775510204081634,0.38156734608099213,0.05,0.7959183673469389,0.3647970777373461,-0.028775510204081634,0.38156734608099213,0.05,0.0,0.0,scratch,student,200
4,0,0.395,0.985,0.935,0.935,4.505,4.445,4.265,0.14062373340129852,0.14062373340129852,1.354417324066162,0.4,0.05,0.59,0.545,0.0,0.8394897959183675,0.4724806423448768,0.014795918367346929,0.4696837096358649,0.05,0.8394897959183675,0.4724806423448768,0.014795918367346929,0.4696837096358649,0.05,0.0,0.0,scratch,student,200
5,0,0.365,0.985,0.94,0.94,4.795,4.445,4.36,0.16212448477745056,0.16212448477745056,1.3166556358337402,0.37,0.05,0.62,0.58,0.0,0.8459183673469388,0.5053755426481398,0.021224489795918365,0.4970588050615333,0.05,0.8459183673469388,0.5053755426481398,0.021224489795918365,0.4970588050615333,0.05,0.0,0.0,scratch,student,200
6,0,0.41,0.985,0.915,0.915,5.345,4.445,4.37,0.17229340970516205,0.17229340970516205,1.256746530532837,0.415,0.07,0.575,0.525,0.0,0.8341326530612244,0.48489183941265557,0.009438775510204079,0.4684691249090247,0.05,0.8341326530612244,0.48489183941265557,0.009438775510204079,0.4684691249090247,0.05,0.0,0.0,scratch,student,200
7,0,0.47,0.985,0.93,0.93,4.525,4.445,4.36,0.13962338864803314,0.13962338864803314,1.1727250814437866,0.465,0.055,0.525,0.48,0.0,0.8264795918367347,0.462648790952713,0.001785714285714286,0.4541906143934466,0.05,0.8264795918367347,0.462648790952713,0.001785714285714286,0.4541906143934466,0.05,0.0,0.0,scratch,student,200
8,0,0.5,0.985,0.955,0.955,4.875,4.445,4.4,0.08829344063997269,0.08829344063997269,1.2231518030166626,0.505,0.035,0.485,0.46,0.0,0.8313775510204081,0.4540106476158474,0.006683673469387756,0.453033603039803,0.05,0.8313775510204081,0.4540106476158474,0.006683673469387756,0.453033603039803,0.05,0.0,0.0,scratch,student,200
9,0,0.445,0.985,0.94,0.94,4.135,4.445,4.445,0.10193736851215363,0.10193736851215363,1.1323188543319702,0.46,0.045,0.54,0.495,0.0,0.8145918367346939,0.4313984704407617,-0.010102040816326539,0.438859982228314,0.05,0.8145918367346939,0.4313984704407617,-0.010102040816326539,0.438859982228314,0.05,0.0,0.0,scratch,student,200
10,0,0.51,0.985,0.925,0.925,4.46,4.445,4.38,0.15707780420780182,0.15707780420780182,1.0418800115585327,0.51,0.065,0.48,0.425,0.0,0.849642857142857,0.5597330615900572,0.02494897959183673,0.5552780589833856,0.05,0.849642857142857,0.5597330615900572,0.02494897959183673,0.5552780589833856,0.05,0.0,0.0,scratch,student,200
11,0,0.505,0.985,0.925,0.925,5.19,4.445,4.36,0.12708699703216553,0.12708699703216553,1.0970501899719238,0.5,0.065,0.485,0.44,0.0,0.8260204081632654,0.46354754038784785,0.0013265306122448933,0.4554317356762476,0.05,0.8260204081632654,0.46354754038784785,0.0013265306122448933,0.4554317356762476,0.05,0.0,0.0,scratch,student,200
12,0,0.535,0.985,0.93,0.93,4.26,4.445,4.405,0.13733582198619843,0.13733582198619843,1.0539920330047607,0.54,0.055,0.45,0.405,0.0,0.8250510204081632,0.4683091947209125,0.00035714285714285476,0.4837088497285731,0.05,0.8250510204081632,0.4683091947209125,0.00035714285714285476,0.4837088497285731,0.05,0.0,0.0,scratch,student,200
13,0,0.555,0.985,0.93,0.93,4.865,4.445,4.345,0.1346437782049179,0.1346437782049179,1.0512385368347168,0.57,0.06,0.43,0.385,0.0,0.8244387755102042,0.5038728486761136,-0.0002551020408163285,0.501600079271011,0.05,0.8244387755102042,0.5038728486761136,-0.0002551020408163285,0.501600079271011,0.05,0.0,0.0,scratch,student,200
14,0,0.53,0.985,0.905,0.905,4.345,4.445,4.435,0.18284687399864197,0.18284687399864197,1.0050950050354004,0.54,0.08,0.455,0.39,0.0,0.8492346938775509,0.5664546047867749,0.02454081632653061,0.5654936583153903,0.05,0.8492346938775509,0.5664546047867749,0.02454081632653061,0.5654936583153903,0.05,0.0,0.0,scratch,student,200
15,0,0.53,0.985,0.93,0.93,4.92,4.445,4.35,0.11519109457731247,0.11519109457731247,1.0562224388122559,0.53,0.055,0.46,0.415,0.0,0.842091836734694,0.521491199045694,0.01739795918367347,0.5218980727158486,0.05,0.842091836734694,0.521491199045694,0.01739795918367347,0.5218980727158486,0.05,0.0,0.0,scratch,student,200
16,0,0.545,0.985,0.935,0.935,4.25,4.445,4.345,0.09894874691963196,0.09894874691963196,1.0004419088363647,0.545,0.05,0.445,0.405,0.0,0.8184183673469388,0.4744839055404033,-0.006275510204081642,0.4702174572646618,0.05,0.8184183673469388,0.4744839055404033,-0.006275510204081642,0.4702174572646618,0.05,0.0,0.0,scratch,student,200
17,0,0.53,0.985,0.94,0.94,4.155,4.445,4.43,0.1583230346441269,0.1583230346441269,1.0479642152786255,0.54,0.05,0.455,0.425,0.0,0.8363775510204081,0.5304218234354042,0.011683673469387746,0.5182315608346835,0.05,0.8363775510204081,0.5304218234354042,0.011683673469387746,0.5182315608346835,0.05,0.0,0.0,scratch,student,200
18,0,0.55,0.985,0.885,0.885,4.71,4.445,4.44,0.2529158890247345,0.2529158890247345,1.0523277521133423,0.55,0.105,0.44,0.375,0.0,0.8577040816326531,0.6004855492843766,0.03301020408163265,0.5872319110110402,0.05,0.8577040816326531,0.6004855492843766,0.03301020408163265,0.5872319110110402,0.05,0.0,0.0,scratch,student,200
19,0,0.545,0.985,0.91,0.91,4.305,4.445,4.345,0.15660710632801056,0.15660710632801056,1.028585433959961,0.545,0.08,0.445,0.395,0.0,0.8381632653061226,0.5522052326364314,0.013469387755102041,0.53655437476933,0.05,0.8381632653061226,0.5522052326364314,0.013469387755102041,0.53655437476933,0.05,0.0,0.0,scratch,student,200
20,0,0.52,0.985,0.92,0.92,4.06,4.445,4.395,0.17211197316646576,0.17211197316646576,1.0155692100524902,0.535,0.07,0.465,0.405,0.0,0.845765306122449,0.549314462403498,0.021071428571428567,0.5367600819747895,0.05,0.845765306122449,0.549314462403498,0.021071428571428567,0.5367600819747895,0.05,0.0,0.0,scratch,student,200
21,0,0.54,0.985,0.93,0.93,4.71,4.445,4.43,0.14653830230236053,0.14653830230236053,1.0177956819534302,0.545,0.055,0.45,0.405,0.0,0.8272448979591838,0.5180928489115997,0.0025510204081632608,0.5108429456857266,0.05,0.8272448979591838,0.5180928489115997,0.0025510204081632608,0.5108429456857266,0.05,0.0,0.0,scratch,student,200
22,0,0.52,0.985,0.92,0.92,4.57,4.445,4.355,0.14145703613758087,0.14145703613758087,1.0214872360229492,0.52,0.065,0.47,0.42,0.0,0.8388265306122449,0.5545328765628154,0.014132653061224482,0.5409502678178251,0.05,0.8388265306122449,0.5545328765628154,0.014132653061224482,0.5409502678178251,0.05,0.0,0.0,scratch,student,200
23,0,0.57,0.985,0.945,0.945,4.435,4.445,4.445,0.08163982629776001,0.08163982629776001,0.9770491719245911,0.575,0.04,0.42,0.385,0.0,0.835561224489796,0.5335421103893158,0.010867346938775507,0.5127312129642815,0.05,0.835561224489796,0.5335421103893158,0.010867346938775507,0.5127312129642815,0.05,0.0,0.0,scratch,student,200
24,0,0.54,0.985,0.915,0.915,4.33,4.445,4.36,0.16677211225032806,0.16677211225032806,1.0370532274246216,0.53,0.07,0.455,0.42,0.0,0.8413265306122448,0.5463687945871886,0.016632653061224488,0.5307929764967412,0.05,0.8413265306122448,0.5463687945871886,0.016632653061224488,0.5307929764967412,0.05,0.0,0.0,scratch,student,200
25,0,0.55,0.985,0.92,0.92,4.155,4.445,4.345,0.16933688521385193,0.16933688521385193,1.0388989448547363,0.56,0.065,0.435,0.385,0.0,0.8319897959183673,0.5219468019306458,0.007295918367346936,0.5290887106629089,0.05,0.8319897959183673,0.5219468019306458,0.007295918367346936,0.5290887106629089,0.05,0.0,0.0,scratch,student,200
26,0,0.6,0.985,0.925,0.925,4.49,4.445,4.385,0.1535809487104416,0.1535809487104416,0.9955832958221436,0.59,0.06,0.395,0.345,0.0,0.8295918367346939,0.5042209069999306,0.004897959183673462,0.5075488476105966,0.05,0.8295918367346939,0.5042209069999306,0.004897959183673462,0.5075488476105966,0.05,0.0,0.0,scratch,student,200
27,0,0.55,0.985,0.93,0.93,3.77,4.445,4.38,0.1474076509475708,0.1474076509475708,1.0648671388626099,0.55,0.06,0.44,0.4,0.0,0.8317857142857141,0.4960468845137764,0.007091836734693872,0.4940359177906066,0.05,0.8317857142857141,0.4960468845137764,0.007091836734693872,0.4940359177906066,0.05,0.0,0.0,scratch,student,200
28,0,0.555,0.985,0.94,0.94,4.81,4.445,4.34,0.08825965970754623,0.08825965970754623,0.9981688857078552,0.555,0.045,0.435,0.415,0.0,0.836938775510204,0.5115768655359882,0.01224489795918367,0.5029831322748214,0.05,0.836938775510204,0.5115768655359882,0.01224489795918367,0.5029831322748214,0.05,0.0,0.0,scratch,student,200
29,0,0.595,0.985,0.94,0.94,4.495,4.445,4.335,0.1237730011343956,0.1237730011343956,0.9707716107368469,0.595,0.045,0.395,0.36,0.0,0.8292346938775509,0.5091868868163941,0.00454081632653061,0.49327300874050706,0.05,0.8292346938775509,0.5091868868163941,0.00454081632653061,0.49327300874050706,0.05,0.0,0.0,scratch,student,200
30,0,0.58,0.985,0.935,0.935,4.525,4.445,4.27,0.10149621963500977,0.10149621963500977,0.9825658202171326,0.585,0.05,0.405,0.36,0.0,0.8259693877551021,0.4886967165107472,0.001275510204081629,0.4875207550940104,0.05,0.8259693877551021,0.4886967165107472,0.001275510204081629,0.4875207550940104,0.05,0.0,0.0,scratch,student,200
31,0,0.55,0.985,0.93,0.93,4.63,4.445,4.405,0.14517764747142792,0.14517764747142792,1.050101637840271,0.56,0.055,0.435,0.39,0.0,0.8270408163265307,0.4856725391847996,0.0023469387755102,0.49321933957748115,0.05,0.8270408163265307,0.4856725391847996,0.0023469387755102,0.49321933957748115,0.05,0.0,0.0,scratch,student,200
32,0,0.57,0.985,0.95,0.95,4.765,4.445,4.43,0.09123915433883667,0.09123915433883667,1.0099589824676514,0.58,0.04,0.415,0.39,0.0,0.8223469387755102,0.4658814528603335,-0.002346938775510207,0.46148570456542076,0.05,0.8223469387755102,0.4658814528603335,-0.002346938775510207,0.46148570456542076,0.05,0.0,0.0,scratch,student,200
33,0,0.55,0.985,0.945,0.945,4.355,4.445,4.35,0.09006336331367493,0.09006336331367493,1.036138892173767,0.545,0.045,0.44,0.4,0.0,0.8259183673469388,0.4925534634097675,0.0012244897959183614,0.4797024014336057,0.05,0.8259183673469388,0.4925534634097675,0.0012244897959183614,0.4797024014336057,0.05,0.0,0.0,scratch,student,200
34,0,0.575,0.985,0.94,0.94,4.775,4.445,4.455,0.12226632982492447,0.12226632982492447,1.021857738494873,0.575,0.05,0.415,0.37,0.0,0.8235204081632653,0.4923761153015316,-0.0011734693877551072,0.48349085250869395,0.05,0.8235204081632653,0.4923761153015316,-0.0011734693877551072,0.48349085250869395,0.05,0.0,0.0,scratch,student,200
35,0,0.56,0.985,0.925,0.925,4.985,4.445,4.375,0.1382768303155899,0.1382768303155899,1.051437497138977,0.56,0.06,0.43,0.385,0.0,0.8291836734693878,0.5010610947195554,0.004489795918367342,0.48544429511472115,0.05,0.8291836734693878,0.5010610947195554,0.004489795918367342,0.48544429511472115,0.05,0.0,0.0,scratch,student,200
36,0,0.6,0.985,0.93,0.93,4.325,4.445,4.31,0.11958175897598267,0.11958175897598267,1.0180637836456299,0.6,0.055,0.39,0.345,0.0,0.8271938775510205,0.5033283483170446,0.002499999999999997,0.4900940648885444,0.05,0.8271938775510205,0.5033283483170446,0.002499999999999997,0.4900940648885444,0.05,0.0,0.0,scratch,student,200
37,0,0.57,0.985,0.935,0.935,4.085,4.445,4.345,0.13431356847286224,0.13431356847286224,1.0525931119918823,0.56,0.055,0.425,0.375,0.0,0.827295918367347,0.49905371390228975,0.0026020408163265267,0.4889048124314286,0.05,0.827295918367347,0.49905371390228975,0.0026020408163265267,0.4889048124314286,0.05,0.0,0.0,scratch,student,200
38,0,0.615,0.985,0.95,0.95,4.35,4.445,4.42,0.08883918076753616,0.08883918076753616,1.0265507698059082,0.62,0.04,0.375,0.34,0.0,0.8195918367346939,0.4655905003319788,-0.005102040816326534,0.45823850078042594,0.05,0.8195918367346939,0.4655905003319788,-0.005102040816326534,0.45823850078042594,0.05,0.0,0.0,scratch,student,200
39,0,0.625,0.985,0.93,0.93,4.24,4.445,4.445,0.1409536749124527,0.1409536749124527,1.0412815809249878,0.62,0.06,0.37,0.33,0.0,0.8246938775510205,0.5044444064785649,5.551115123125783e-19,0.5022398901870474,0.05,0.8246938775510205,0.5044444064785649,5.551115123125783e-19,0.5022398901870474,0.05,0.0,0.0,scratch,student,200
40,0,0.57,0.985,0.93,0.93,4.405,4.445,4.375,0.1252574622631073,0.1252574622631073,1.0977096557617188,0.575,0.06,0.415,0.38,0.0,0.8235204081632653,0.4845164554752459,-0.0011734693877551022,0.48174250980548095,0.05,0.8235204081632653,0.4845164554752459,-0.0011734693877551022,0.48174250980548095,0.05,0.0,0.0,scratch,student,200
41,0,0.585,0.985,0.915,0.915,4.425,4.445,4.39,0.1505492776632309,0.1505492776632309,1.1327612400054932,0.585,0.075,0.405,0.355,0.0,0.8286734693877551,0.4991427876476187,0.003979591836734689,0.5022424696711824,0.05,0.8286734693877551,0.4991427876476187,0.003979591836734689,0.5022424696711824,0.05,0.0,0.0,scratch,student,200
42,0,0.6,0.985,0.95,0.95,4.41,4.445,4.43,0.09512080997228622,0.09512080997228622,1.0428838729858398,0.615,0.04,0.385,0.345,0.0,0.8268367346938775,0.48161204758318377,0.0021428571428571395,0.4908782119676471,0.05,0.8268367346938775,0.48161204758318377,0.0021428571428571395,0.4908782119676471,0.05,0.0,0.0,scratch,student,200
43,0,0.605,0.985,0.92,0.92,4.575,4.445,4.485,0.17321144044399261,0.17321144044399261,1.1121718883514404,0.595,0.07,0.39,0.34,0.0,0.8278571428571427,0.4958709298797956,0.0031632653061224453,0.507689053947106,0.05,0.8278571428571427,0.4958709298797956,0.0031632653061224453,0.507689053947106,0.05,0.0,0.0,scratch,student,200
44,0,0.6,0.985,0.94,0.94,4.605,4.445,4.415,0.12693244218826294,0.12693244218826294,1.0993632078170776,0.59,0.05,0.395,0.36,0.0,0.8298979591836735,0.49993782053082486,0.005204081632653057,0.5050247301138007,0.05,0.8298979591836735,0.49993782053082486,0.005204081632653057,0.5050247301138007,0.05,0.0,0.0,scratch,student,200
45,0,0.565,0.985,0.925,0.925,4.325,4.445,4.305,0.1573827564716339,0.1573827564716339,1.130205750465393,0.565,0.065,0.425,0.375,0.0,0.822295918367347,0.4843283952959394,-0.0023979591836734726,0.4883234583307058,0.05,0.822295918367347,0.4843283952959394,-0.0023979591836734726,0.4883234583307058,0.05,0.0,0.0,scratch,student,200
46,0,0.605,0.985,0.925,0.925,4.625,4.445,4.3,0.12187580019235611,0.12187580019235611,1.1051276922225952,0.6,0.06,0.39,0.35,0.0,0.8112244897959183,0.4466208728162852,-0.013469387755102044,0.447166703408584,0.05,0.8112244897959183,0.4466208728162852,-0.013469387755102044,0.447166703408584,0.05,0.0,0.0,scratch,student,200
47,0,0.595,0.985,0.93,0.93,4.28,4.445,4.37,0.12593479454517365,0.12593479454517365,1.1323158740997314,0.595,0.055,0.395,0.355,0.0,0.8187244897959184,0.4746516555487096,-0.005969387755102048,0.47494989828206596,0.05,0.8187244897959184,0.4746516555487096,-0.005969387755102048,0.47494989828206596,0.05,0.0,0.0,scratch,student,200
48,0,0.595,0.985,0.95,0.95,4.51,4.445,4.43,0.1107063740491867,0.1107063740491867,1.056165337562561,0.6,0.04,0.395,0.37,0.0,0.821530612244898,0.47683014295578324,-0.003163265306122454,0.48616077500395477,0.05,0.821530612244898,0.47683014295578324,-0.003163265306122454,0.48616077500395477,0.05,0.0,0.0,scratch,student,200
49,0,0.575,0.985,0.95,0.95,4.605,4.445,4.34,0.12038758397102356,0.12038758397102356,1.143056035041809,0.575,0.045,0.415,0.375,0.0,0.8234693877551021,0.48901201814500866,-0.0012244897959183731,0.49100007276050744,0.05,0.8234693877551021,0.48901201814500866,-0.0012244897959183731,0.49100007276050744,0.05,0.0,0.0,scratch,student,200
50,0,0.595,0.985,0.925,0.925,4.475,4.445,4.3,0.15890498459339142,0.15890498459339142,1.1561236381530762,0.6,0.07,0.395,0.355,0.0,0.8281632653061224,0.5061152188440838,0.0034693877551020334,0.5068283519428224,0.05,0.8281632653061224,0.5061152188440838,0.0034693877551020334,0.5068283519428224,0.05,0.0,0.0,scratch,student,200
51,0,0.605,0.985,0.92,0.92,4.46,4.445,4.315,0.12401923537254333,0.12401923537254333,1.085328221321106,0.6,0.065,0.385,0.345,0.0,0.8258673469387755,0.4882431351178103,0.0011734693877551,0.48861509159207345,0.05,0.8258673469387755,0.4882431351178103,0.0011734693877551,0.48861509159207345,0.05,0.0,0.0,scratch,student,200
52,0,0.575,0.985,0.945,0.945,4.44,4.445,4.45,0.10006389021873474,0.10006389021873474,1.1813545227050781,0.575,0.045,0.415,0.39,0.0,0.8192346938775509,0.4794115954434605,-0.0054591836734693925,0.48284046805114483,0.05,0.8192346938775509,0.4794115954434605,-0.0054591836734693925,0.48284046805114483,0.05,0.0,0.0,scratch,student,200
53,0,0.545,0.985,0.93,0.93,4.405,4.445,4.385,0.12527796626091003,0.12527796626091003,1.2662855386734009,0.555,0.06,0.44,0.39,0.0,0.8230612244897959,0.48399513318928183,-0.0016326530612244938,0.4899521716684103,0.05,0.8230612244897959,0.48399513318928183,-0.0016326530612244938,0.4899521716684103,0.05,0.0,0.0,scratch,student,200
54,0,0.565,0.985,0.92,0.92,4.725,4.445,4.295,0.13540582358837128,0.13540582358837128,1.2128474712371826,0.57,0.07,0.425,0.385,0.0,0.8265306122448979,0.5024880113676788,0.0018367346938775514,0.5000093305576593,0.05,0.8265306122448979,0.5024880113676788,0.0018367346938775514,0.5000093305576593,0.05,0.0,0.0,scratch,student,200
55,0,0.57,0.985,0.92,0.92,4.54,4.445,4.375,0.1325555294752121,0.1325555294752121,1.1952362060546875,0.575,0.07,0.42,0.36,0.0,0.8213265306122449,0.47473067434914934,-0.0033673469387755076,0.47138287996873257,0.05,0.8213265306122449,0.47473067434914934,-0.0033673469387755076,0.47138287996873257,0.05,0.0,0.0,scratch,student,200
56,0,0.575,0.985,0.95,0.95,4.56,4.445,4.345,0.1220572292804718,0.1220572292804718,1.1875430345535278,0.58,0.04,0.415,0.385,0.0,0.8211734693877549,0.465054878910837,-0.0035204081632653106,0.47287446409929546,0.05,0.8211734693877549,0.465054878910837,-0.0035204081632653106,0.47287446409929546,0.05,0.0,0.0,scratch,student,200
57,0,0.57,0.985,0.915,0.915,4.61,4.445,4.32,0.14694607257843018,0.14694607257843018,1.1809331178665161,0.57,0.075,0.42,0.365,0.0,0.8217857142857143,0.47202869197696906,-0.002908163265306124,0.47056281661614774,0.05,0.8217857142857143,0.47202869197696906,-0.002908163265306124,0.47056281661614774,0.05,0.0,0.0,scratch,student,200
58,0,0.585,0.985,0.95,0.95,4.64,4.445,4.435,0.0719950795173645,0.0719950795173645,1.225801944732666,0.58,0.035,0.41,0.38,0.0,0.8165816326530612,0.4592813610174693,-0.008112244897959187,0.45953658015467225,0.05,0.8165816326530612,0.4592813610174693,-0.008112244897959187,0.45953658015467225,0.05,0.0,0.0,scratch,student,200
59,0,0.58,0.985,0.955,0.955,4.345,4.445,4.44,0.10471920669078827,0.10471920669078827,1.159956932067871,0.595,0.04,0.405,0.375,0.0,0.8145408163265305,0.4506566433166814,-0.010153061224489796,0.4499930694652721,0.05,0.8145408163265305,0.4506566433166814,-0.010153061224489796,0.4499930694652721,0.05,0.0,0.0,scratch,student,200
60,0,0.575,0.985,0.93,0.93,4.275,4.445,4.36,0.1390811651945114,0.1390811651945114,1.2139335870742798,0.57,0.06,0.42,0.365,0.0,0.8185714285714286,0.47505482465629195,-0.006122448979591842,0.47603430412709713,0.05,0.8185714285714286,0.47505482465629195,-0.006122448979591842,0.47603430412709713,0.05,0.0,0.0,scratch,student,200
61,0,0.6,0.985,0.95,0.95,4.55,4.445,4.45,0.09303329139947891,0.09303329139947891,1.2390480041503906,0.595,0.045,0.39,0.36,0.0,0.8170918367346939,0.4572919957741641,-0.0076020408163265316,0.45385151534079343,0.05,0.8170918367346939,0.4572919957741641,-0.0076020408163265316,0.45385151534079343,0.05,0.0,0.0,scratch,student,200
62,0,0.575,0.985,0.95,0.95,4.49,4.445,4.445,0.11041498184204102,0.11041498184204102,1.2139531373977661,0.58,0.04,0.415,0.39,0.0,0.8123979591836735,0.4595321484137599,-0.012295918367346939,0.45746510722674427,0.05,0.8123979591836735,0.4595321484137599,-0.012295918367346939,0.45746510722674427,0.05,0.0,0.0,scratch,student,200
63,0,0.6,0.985,0.93,0.93,4.72,4.445,4.325,0.13966889679431915,0.13966889679431915,1.233730673789978,0.595,0.06,0.395,0.35,0.0,0.8120408163265307,0.4454623686588654,-0.012653061224489797,0.44664435828803106,0.05,0.8120408163265307,0.4454623686588654,-0.012653061224489797,0.44664435828803106,0.05,0.0,0.0,scratch,student,200
64,0,0.59,0.985,0.955,0.955,4.54,4.445,4.46,0.11740022897720337,0.11740022897720337,1.2089353799819946,0.595,0.04,0.4,0.365,0.0,0.8167857142857141,0.4597775162781729,-0.007908163265306125,0.4630345162190497,0.05,0.8167857142857141,0.4597775162781729,-0.007908163265306125,0.4630345162190497,0.05,0.0,0.0,scratch,student,200
65,0,0.595,0.985,0.945,0.945,4.725,4.445,4.405,0.1067582443356514,0.1067582443356514,1.1642842292785645,0.6,0.045,0.395,0.365,0.0,0.8106122448979591,0.4497181227332956,-0.014081632653061222,0.45438711185008285,0.05,0.8106122448979591,0.4497181227332956,-0.014081632653061222,0.45438711185008285,0.05,0.0,0.0,scratch,student,200
66,0,0.57,0.985,0.95,0.95,4.6,4.445,4.41,0.12469152361154556,0.12469152361154556,1.213451862335205,0.575,0.045,0.42,0.39,0.0,0.8168877551020408,0.46772798542856425,-0.007806122448979602,0.46396649404894563,0.05,0.8168877551020408,0.46772798542856425,-0.007806122448979602,0.46396649404894563,0.05,0.0,0.0,scratch,student,200
67,0,0.585,0.985,0.945,0.945,4.505,4.445,4.39,0.07371407747268677,0.07371407747268677,1.245043158531189,0.58,0.04,0.405,0.37,0.0,0.8190306122448979,0.452339600739065,-0.005663265306122454,0.45057493036147206,0.05,0.8190306122448979,0.452339600739065,-0.005663265306122454,0.45057493036147206,0.05,0.0,0.0,scratch,student,200
68,0,0.58,0.985,0.955,0.955,4.48,4.445,4.415,0.09421655535697937,0.09421655535697937,1.2683193683624268,0.585,0.04,0.41,0.37,0.0,0.8148469387755103,0.46171566222791444,-0.009846938775510208,0.4618028926383704,0.05,0.8148469387755103,0.46171566222791444,-0.009846938775510208,0.4618028926383704,0.05,0.0,0.0,scratch,student,200
69,0,0.565,0.985,0.96,0.96,4.56,4.445,4.4,0.099939726293087,0.099939726293087,1.291170597076416,0.57,0.035,0.425,0.405,0.0,0.8165306122448979,0.4495757448322281,-0.00816326530612245,0.4554561823466793,0.05,0.8165306122448979,0.4495757448322281,-0.00816326530612245,0.4554561823466793,0.05,0.0,0.0,scratch,student,200
70,0,0.585,0.985,0.94,0.94,4.5,4.445,4.365,0.09367483109235764,0.09367483109235764,1.2436047792434692,0.59,0.05,0.405,0.37,0.0,0.8163775510204081,0.44331257489746073,-0.008316326530612246,0.4481147994752973,0.05,0.8163775510204081,0.44331257489746073,-0.008316326530612246,0.4481147994752973,0.05,0.0,0.0,scratch,student,200
71,0,0.545,0.985,0.94,0.94,4.685,4.445,4.33,0.12224935740232468,0.12224935740232468,1.2828527688980103,0.55,0.05,0.445,0.405,0.0,0.8186224489795919,0.46037262385022054,-0.006071428571428574,0.4611148442560807,0.05,0.8186224489795919,0.46037262385022054,-0.006071428571428574,0.4611148442560807,0.05,0.0,0.0,scratch,student,200
72,0,0.56,0.985,0.95,0.95,4.41,4.445,4.41,0.10003183037042618,0.10003183037042618,1.2877055406570435,0.565,0.04,0.43,0.395,0.0,0.8158163265306123,0.45487205897897437,-0.008877551020408166,0.45479298994876444,0.05,0.8158163265306123,0.45487205897897437,-0.008877551020408166,0.45479298994876444,0.05,0.0,0.0,scratch,student,200
73,0,0.57,0.985,0.96,0.96,4.37,4.445,4.395,0.0926695466041565,0.0926695466041565,1.28926682472229,0.575,0.035,0.42,0.39,0.0,0.8135714285714286,0.43572322293006455,-0.011122448979591838,0.4371383003126539,0.05,0.8135714285714286,0.43572322293006455,-0.011122448979591838,0.4371383003126539,0.05,0.0,0.0,scratch,student,200
74,0,0.575,0.985,0.965,0.965,4.555,4.445,4.45,0.09848874807357788,0.09848874807357788,1.2500265836715698,0.58,0.03,0.415,0.385,0.0,0.8092346938775509,0.4298104840784161,-0.015459183673469396,0.4328277559345588,0.05,0.8092346938775509,0.4298104840784161,-0.015459183673469396,0.4328277559345588,0.05,0.0,0.0,scratch,student,200
75,0,0.59,0.985,0.95,0.95,4.555,4.445,4.39,0.08003606647253036,0.08003606647253036,1.2197593450546265,0.595,0.04,0.4,0.36,0.0,0.8111224489795918,0.43782439768964054,-0.013571428571428576,0.43816032020840795,0.05,0.8111224489795918,0.43782439768964054,-0.013571428571428576,0.43816032020840795,0.05,0.0,0.0,scratch,student,200
76,0,0.59,0.985,0.945,0.945,4.485,4.445,4.325,0.12153280526399612,0.12153280526399612,1.199440360069275,0.595,0.05,0.4,0.36,0.0,0.8168367346938775,0.4522206756033418,-0.007857142857142861,0.4513208539551124,0.05,0.8168367346938775,0.4522206756033418,-0.007857142857142861,0.4513208539551124,0.05,0.0,0.0,scratch,student,200
77,0,0.615,0.985,0.95,0.95,4.57,4.445,4.375,0.12111761420965195,0.12111761420965195,1.1458706855773926,0.62,0.045,0.375,0.34,0.0,0.8180612244897959,0.45626494144491486,-0.006632653061224493,0.45189366516191515,0.05,0.8180612244897959,0.45626494144491486,-0.006632653061224493,0.45189366516191515,0.05,0.0,0.0,scratch,student,200
78,0,0.58,0.985,0.945,0.945,4.52,4.445,4.4,0.09101282060146332,0.09101282060146332,1.2147196531295776,0.585,0.045,0.41,0.375,0.0,0.82,0.4659700484210578,-0.004693877551020413,0.4620544483279809,0.05,0.82,0.4659700484210578,-0.004693877551020413,0.4620544483279809,0.05,0.0,0.0,scratch,student,200
79,0,0.59,0.985,0.93,0.93,4.415,4.445,4.37,0.11155746132135391,0.11155746132135391,1.2337713241577148,0.595,0.06,0.4,0.355,0.0,0.8189285714285713,0.46119910717448115,-0.005765306122448981,0.4581374207464978,0.05,0.8189285714285713,0.46119910717448115,-0.005765306122448981,0.4581374207464978,0.05,0.0,0.0,scratch,student,200
80,0,0.585,0.985,0.945,0.945,4.675,4.445,4.42,0.10206760466098785,0.10206760466098785,1.2069436311721802,0.59,0.05,0.405,0.365,0.0,0.8206632653061223,0.4670856497039453,-0.004030612244897962,0.4664291993295774,0.05,0.8206632653061223,0.4670856497039453,-0.004030612244897962,0.4664291993295774,0.05,0.0,0.0,scratch,student,200
81,0,0.595,0.985,0.955,0.955,4.71,4.445,4.44,0.09017109870910645,0.09017109870910645,1.2353688478469849,0.6,0.04,0.395,0.365,0.0,0.8184693877551019,0.46433563100199365,-0.006224489795918372,0.4576490841433406,0.05,0.8184693877551019,0.46433563100199365,-0.006224489795918372,0.4576490841433406,0.05,0.0,0.0,scratch,student,200
82,0,0.585,0.985,0.94,0.94,4.63,4.445,4.325,0.12568546831607819,0.12568546831607819,1.2119433879852295,0.59,0.055,0.405,0.365,0.0,0.8181122448979592,0.4589740256244596,-0.006581632653061229,0.4552902163518593,0.05,0.8181122448979592,0.4589740256244596,-0.006581632653061229,0.4552902163518593,0.05,0.0,0.0,scratch,student,200
83,0,0.585,0.985,0.945,0.945,4.55,4.445,4.29,0.09798988699913025,0.09798988699913025,1.1977577209472656,0.59,0.045,0.405,0.36,0.0,0.8191836734693877,0.47259377479328657,-0.005510204081632655,0.467317174570635,0.05,0.8191836734693877,0.47259377479328657,-0.005510204081632655,0.467317174570635,0.05,0.0,0.0,scratch,student,200
84,0,0.59,0.985,0.94,0.94,4.505,4.445,4.365,0.09906027466058731,0.09906027466058731,1.2087032794952393,0.595,0.05,0.4,0.355,0.0,0.8170918367346939,0.469123457424502,-0.007602040816326536,0.46094667457044125,0.05,0.8170918367346939,0.469123457424502,-0.007602040816326536,0.46094667457044125,0.05,0.0,0.0,scratch,student,200
85,0,0.605,0.985,0.93,0.93,4.45,4.445,4.28,0.12044703215360641,0.12044703215360641,1.2035521268844604,0.61,0.06,0.385,0.33,0.0,0.8181122448979592,0.4650979040052978,-0.006581632653061229,0.46018835000228137,0.05,0.8181122448979592,0.4650979040052978,-0.006581632653061229,0.46018835000228137,0.05,0.0,0.0,scratch,student,200
86,0,0.57,0.985,0.95,0.95,4.53,4.445,4.34,0.1049385741353035,0.1049385741353035,1.2171571254730225,0.575,0.04,0.42,0.38,0.0,0.8163265306122449,0.4592156175540071,-0.008367346938775513,0.45564650441985577,0.05,0.8163265306122449,0.4592156175540071,-0.008367346938775513,0.45564650441985577,0.05,0.0,0.0,scratch,student,200
87,0,0.585,0.985,0.94,0.94,4.365,4.445,4.385,0.09576664865016937,0.09576664865016937,1.210754632949829,0.59,0.05,0.405,0.365,0.0,0.8177551020408163,0.462623431118743,-0.006938775510204087,0.45715712414588777,0.05,0.8177551020408163,0.462623431118743,-0.006938775510204087,0.45715712414588777,0.05,0.0,0.0,scratch,student,200
88,0,0.58,0.985,0.95,0.95,4.435,4.445,4.38,0.09797456860542297,0.09797456860542297,1.2332881689071655,0.585,0.04,0.41,0.375,0.0,0.8163775510204081,0.4642545847854474,-0.008316326530612253,0.4593022236926481,0.05,0.8163775510204081,0.4642545847854474,-0.008316326530612253,0.4593022236926481,0.05,0.0,0.0,scratch,student,200
89,0,0.585,0.985,0.945,0.945,4.52,4.445,4.355,0.11304476857185364,0.11304476857185364,1.226596474647522,0.59,0.045,0.405,0.365,0.0,0.815612244897959,0.46015363390800823,-0.009081632653061228,0.45454981218557805,0.05,0.815612244897959,0.46015363390800823,-0.009081632653061228,0.45454981218557805,0.05,0.0,0.0,scratch,student,200
90,0,0.59,0.985,0.955,0.955,4.45,4.445,4.385,0.1197996512055397,0.1197996512055397,1.2069575786590576,0.595,0.04,0.4,0.365,0.0,0.8164285714285714,0.46164927567909825,-0.008265306122448985,0.4564507646067068,0.05,0.8164285714285714,0.46164927567909825,-0.008265306122448985,0.4564507646067068,0.05,0.0,0.0,scratch,student,200
91,0,0.6,0.985,0.965,0.965,4.5,4.445,4.395,0.1058621034026146,0.1058621034026146,1.2058024406433105,0.605,0.03,0.39,0.365,0.0,0.8168877551020408,0.46254986488659067,-0.007806122448979598,0.4554861244186759,0.05,0.8168877551020408,0.46254986488659067,-0.007806122448979598,0.4554861244186759,0.05,0.0,0.0,scratch,student,200
92,0,0.59,0.985,0.965,0.965,4.495,4.445,4.38,0.08748099952936172,0.08748099952936172,1.2116698026657104,0.595,0.025,0.4,0.375,0.0,0.8169897959183675,0.4662674012421332,-0.007704081632653065,0.46125274861231447,0.05,0.8169897959183675,0.4662674012421332,-0.007704081632653065,0.46125274861231447,0.05,0.0,0.0,scratch,student,200
93,0,0.585,0.985,0.965,0.965,4.455,4.445,4.32,0.07302175462245941,0.07302175462245941,1.219656229019165,0.59,0.025,0.405,0.38,0.0,0.8172959183673469,0.45277936525844575,-0.007397959183673476,0.45013897664379326,0.05,0.8172959183673469,0.45277936525844575,-0.007397959183673476,0.45013897664379326,0.05,0.0,0.0,scratch,student,200
94,0,0.58,0.985,0.955,0.955,4.505,4.445,4.32,0.08087095618247986,0.08087095618247986,1.2261580228805542,0.585,0.035,0.41,0.375,0.0,0.8168367346938775,0.45532906923992494,-0.007857142857142863,0.45284914917778224,0.05,0.8168367346938775,0.45532906923992494,-0.007857142857142863,0.45284914917778224,0.05,0.0,0.0,scratch,student,200
95,0,0.58,0.985,0.945,0.945,4.505,4.445,4.315,0.09039850533008575,0.09039850533008575,1.2262046337127686,0.585,0.045,0.41,0.365,0.0,0.8172448979591838,0.4602564364525353,-0.007448979591836738,0.45646001532208175,0.05,0.8172448979591838,0.4602564364525353,-0.007448979591836738,0.45646001532208175,0.05,0.0,0.0,scratch,student,200
96,0,0.585,0.985,0.94,0.94,4.525,4.445,4.31,0.114138163626194,0.114138163626194,1.2255133390426636,0.59,0.05,0.405,0.36,0.0,0.8172959183673469,0.46117479325125926,-0.007397959183673472,0.4570143077103421,0.05,0.8172959183673469,0.46117479325125926,-0.007397959183673472,0.4570143077103421,0.05,0.0,0.0,scratch,student,200
97,0,0.585,0.985,0.945,0.945,4.54,4.445,4.315,0.09516355395317078,0.09516355395317078,1.2283397912979126,0.59,0.045,0.405,0.365,0.0,0.8175,0.4626967408273735,-0.007193877551020411,0.45781881067436186,0.05,0.8175,0.4626967408273735,-0.007193877551020411,0.45781881067436186,0.05,0.0,0.0,scratch,student,200
98,0,0.585,0.985,0.945,0.945,4.49,4.445,4.315,0.09619313478469849,0.09619313478469849,1.2239937782287598,0.59,0.045,0.405,0.365,0.0,0.8171938775510205,0.46687460502318756,-0.007500000000000002,0.4599528069375083,0.05,0.8171938775510205,0.46687460502318756,-0.007500000000000002,0.4599528069375083,0.05,0.0,0.0,scratch,student,200
99,0,0.585,0.985,0.95,0.95,4.525,4.445,4.31,0.09471634030342102,0.09471634030342102,1.2239091396331787,0.59,0.04,0.405,0.37,0.0,0.8174489795918367,0.4667266790115652,-0.007244897959183676,0.4598915540566668,0.05,0.8174489795918367,0.4667266790115652,-0.007244897959183676,0.4598915540566668,0.05,0.0,0.0,scratch,student,200
100,0,0.59,0.985,0.945,0.945,4.465,4.445,4.29,0.09506119042634964,0.09506119042634964,1.224619746208191,0.595,0.045,0.4,0.36,0.0,0.8175510204081633,0.4623578808795344,-0.007142857142857144,0.4577046605339274,0.05,0.8175510204081633,0.4623578808795344,-0.007142857142857144,0.4577046605339274,0.05,0.0,0.0,scratch,student,200
