seed,initialization,method,epoch,mask,repeat,teacher_accuracy,teacher_full_accuracy,kl,full_correct_to_wrong,background_ratio,foreground_missing,swaps
0,imagenet,random_anneal_10,0,student,0,0.965,0.98,0.049423896,0.015,0.7058673469387755,0.08231790489358617,0.0
0,imagenet,random_anneal_10,0,student,1,0.965,0.98,0.049423896,0.015,0.7058673469387755,0.08231790489358617,0.0
0,imagenet,random_anneal_10,0,student,2,0.965,0.98,0.049423896,0.015,0.7058673469387755,0.08231790489358617,0.0
0,imagenet,random_anneal_10,0,student,3,0.965,0.98,0.049423896,0.015,0.7058673469387755,0.08231790489358617,0.0
0,imagenet,random_anneal_10,0,student,4,0.965,0.98,0.049423896,0.015,0.7058673469387755,0.08231790489358617,0.0
0,imagenet,random_anneal_10,0,random,0,0.95,0.98,0.07085513,0.03,0.8246938775510205,0.48994748795493875,0.0
0,imagenet,random_anneal_10,0,random,1,0.965,0.98,0.06002661,0.02,0.8235204081632653,0.4946262972715817,0.0
0,imagenet,random_anneal_10,0,random,2,0.945,0.98,0.086035594,0.035,0.8219387755102041,0.47777470733476307,0.0
0,imagenet,random_anneal_10,0,random,3,0.93,0.98,0.11281219,0.05,0.822857142857143,0.4756299304983063,0.0
0,imagenet,random_anneal_10,0,random,4,0.945,0.98,0.12285635,0.04,0.8268877551020407,0.5175266882325791,0.0
0,imagenet,random_anneal_10,0,random_rescue_10,0,0.955,0.98,0.07673554,0.03,0.729234693877551,0.1679639018459042,10.0
0,imagenet,random_anneal_10,0,random_rescue_10,1,0.96,0.98,0.05731293,0.02,0.7321428571428572,0.17112982691976839,10.0
0,imagenet,random_anneal_10,0,random_rescue_10,2,0.955,0.98,0.07880971,0.025,0.7311224489795919,0.17162426857917626,10.0
0,imagenet,random_anneal_10,0,random_rescue_10,3,0.955,0.98,0.0690822,0.025,0.7294897959183675,0.17406355448185729,10.0
0,imagenet,random_anneal_10,0,random_rescue_10,4,0.94,0.98,0.09882484,0.04,0.7296428571428573,0.15813417548845027,10.0
0,imagenet,random_anneal_10,0,foreground_rescue_10,0,0.96,0.98,0.052042674,0.02,0.677295918367347,0.025096868132710646,2.8
0,imagenet,random_anneal_10,0,foreground_rescue_10,1,0.96,0.98,0.061706647,0.02,0.677295918367347,0.025096868132710646,2.8
0,imagenet,random_anneal_10,0,foreground_rescue_10,2,0.96,0.98,0.057614543,0.02,0.677295918367347,0.025096868132710646,2.8
0,imagenet,random_anneal_10,0,foreground_rescue_10,3,0.96,0.98,0.062874764,0.02,0.677295918367347,0.025096868132710646,2.8
0,imagenet,random_anneal_10,0,foreground_rescue_10,4,0.96,0.98,0.063759096,0.02,0.677295918367347,0.025096868132710646,2.8
0,imagenet,random_anneal_10,0,low_score_rescue_10,0,0.95,0.98,0.07409613,0.03,0.7128571428571427,0.09592084560465473,10.0
0,imagenet,random_anneal_10,0,low_score_rescue_10,1,0.96,0.98,0.048454687,0.02,0.7136734693877551,0.09635290260200267,10.0
0,imagenet,random_anneal_10,0,low_score_rescue_10,2,0.95,0.98,0.061150827,0.03,0.7132142857142857,0.09623877203175696,10.0
0,imagenet,random_anneal_10,0,low_score_rescue_10,3,0.955,0.98,0.07511786,0.025,0.7127551020408163,0.09565284000194518,10.0
0,imagenet,random_anneal_10,0,low_score_rescue_10,4,0.955,0.98,0.06678594,0.025,0.7127551020408163,0.09502717675311124,10.0
0,imagenet,random_anneal_10,0,random_matched,0,0.96,0.98,0.05148281,0.02,0.7163775510204081,0.09909034654213109,2.8
0,imagenet,random_anneal_10,0,random_matched,1,0.965,0.98,0.051132623,0.015,0.7163775510204081,0.10026353536070877,2.8
0,imagenet,random_anneal_10,0,random_matched,2,0.95,0.98,0.06500979,0.03,0.7168877551020408,0.10060035762440128,2.8
0,imagenet,random_anneal_10,0,random_matched,3,0.96,0.98,0.05155242,0.02,0.7167346938775511,0.10205323439281039,2.8
0,imagenet,random_anneal_10,0,random_matched,4,0.955,0.98,0.055842362,0.025,0.7166836734693877,0.09952487927668469,2.8
0,imagenet,random_anneal_10,10,student,0,0.95,0.98,0.0726071,0.035,0.7064795918367346,0.08857490862035833,0.0
0,imagenet,random_anneal_10,10,student,1,0.95,0.98,0.0726071,0.035,0.7064795918367346,0.08857490862035833,0.0
0,imagenet,random_anneal_10,10,student,2,0.95,0.98,0.0726071,0.035,0.7064795918367346,0.08857490862035833,0.0
0,imagenet,random_anneal_10,10,student,3,0.95,0.98,0.0726071,0.035,0.7064795918367346,0.08857490862035833,0.0
0,imagenet,random_anneal_10,10,student,4,0.95,0.98,0.0726071,0.035,0.7064795918367346,0.08857490862035833,0.0
0,imagenet,random_anneal_10,10,random,0,0.95,0.98,0.07085513,0.03,0.8246938775510205,0.48994748795493875,0.0
0,imagenet,random_anneal_10,10,random,1,0.965,0.98,0.06002661,0.02,0.8235204081632653,0.4946262972715817,0.0
0,imagenet,random_anneal_10,10,random,2,0.945,0.98,0.086035594,0.035,0.8219387755102041,0.47777470733476307,0.0
0,imagenet,random_anneal_10,10,random,3,0.93,0.98,0.11281219,0.05,0.822857142857143,0.4756299304983063,0.0
0,imagenet,random_anneal_10,10,random,4,0.945,0.98,0.12285635,0.04,0.8268877551020407,0.5175266882325791,0.0
0,imagenet,random_anneal_10,10,random_rescue_10,0,0.945,0.98,0.082715146,0.04,0.7321428571428572,0.19504305028088625,10.0
0,imagenet,random_anneal_10,10,random_rescue_10,1,0.945,0.98,0.099663965,0.04,0.7320408163265307,0.16685239036112534,10.0
0,imagenet,random_anneal_10,10,random_rescue_10,2,0.955,0.98,0.074978724,0.03,0.7307142857142856,0.16671803207749425,10.0
0,imagenet,random_anneal_10,10,random_rescue_10,3,0.955,0.98,0.073941395,0.03,0.7328061224489797,0.18273745356554566,10.0
0,imagenet,random_anneal_10,10,random_rescue_10,4,0.955,0.98,0.056790918,0.03,0.7308163265306123,0.16669469627910619,10.0
0,imagenet,random_anneal_10,10,foreground_rescue_10,0,0.955,0.98,0.07088229,0.03,0.6780102040816325,0.02687322305289618,2.79
0,imagenet,random_anneal_10,10,foreground_rescue_10,1,0.95,0.98,0.10198147,0.035,0.6780102040816325,0.02687322305289618,2.79
0,imagenet,random_anneal_10,10,foreground_rescue_10,2,0.955,0.98,0.072889455,0.03,0.6780102040816325,0.02687322305289618,2.79
0,imagenet,random_anneal_10,10,foreground_rescue_10,3,0.95,0.98,0.08966767,0.035,0.6780102040816325,0.02687322305289618,2.79
0,imagenet,random_anneal_10,10,foreground_rescue_10,4,0.95,0.98,0.08825701,0.035,0.6780102040816325,0.02687322305289618,2.79
0,imagenet,random_anneal_10,10,low_score_rescue_10,0,0.95,0.98,0.07754772,0.035,0.7148979591836735,0.10499313828793089,10.0
0,imagenet,random_anneal_10,10,low_score_rescue_10,1,0.96,0.98,0.058824945,0.03,0.7149489795918368,0.1046009423037973,10.0
0,imagenet,random_anneal_10,10,low_score_rescue_10,2,0.96,0.98,0.05479487,0.025,0.7145918367346937,0.10565940472286499,10.0
0,imagenet,random_anneal_10,10,low_score_rescue_10,3,0.955,0.98,0.06992187,0.03,0.714795918367347,0.10583824298936227,10.0
0,imagenet,random_anneal_10,10,low_score_rescue_10,4,0.965,0.98,0.060370177,0.02,0.714795918367347,0.10593616156137181,10.0
0,imagenet,random_anneal_10,10,random_matched,0,0.955,0.98,0.07284911,0.03,0.7167857142857144,0.10490944470371126,2.79
0,imagenet,random_anneal_10,10,random_matched,1,0.96,0.98,0.06699766,0.025,0.7161224489795919,0.10528644456929862,2.79
0,imagenet,random_anneal_10,10,random_matched,2,0.96,0.98,0.063927524,0.025,0.7168877551020408,0.10603604492432964,2.79
0,imagenet,random_anneal_10,10,random_matched,3,0.955,0.98,0.073522225,0.03,0.715561224489796,0.10356750528003786,2.79
0,imagenet,random_anneal_10,10,random_matched,4,0.965,0.98,0.06551552,0.02,0.7159183673469387,0.10371169878875015,2.79
0,imagenet,random_anneal_10,25,student,0,0.945,0.98,0.0753312,0.04,0.7090306122448979,0.09528929592994058,0.0
0,imagenet,random_anneal_10,25,student,1,0.945,0.98,0.0753312,0.04,0.7090306122448979,0.09528929592994058,0.0
0,imagenet,random_anneal_10,25,student,2,0.945,0.98,0.0753312,0.04,0.7090306122448979,0.09528929592994058,0.0
0,imagenet,random_anneal_10,25,student,3,0.945,0.98,0.0753312,0.04,0.7090306122448979,0.09528929592994058,0.0
0,imagenet,random_anneal_10,25,student,4,0.945,0.98,0.0753312,0.04,0.7090306122448979,0.09528929592994058,0.0
0,imagenet,random_anneal_10,25,random,0,0.95,0.98,0.07085513,0.03,0.8246938775510205,0.48994748795493875,0.0
0,imagenet,random_anneal_10,25,random,1,0.965,0.98,0.06002661,0.02,0.8235204081632653,0.4946262972715817,0.0
0,imagenet,random_anneal_10,25,random,2,0.945,0.98,0.086035594,0.035,0.8219387755102041,0.47777470733476307,0.0
0,imagenet,random_anneal_10,25,random,3,0.93,0.98,0.11281219,0.05,0.822857142857143,0.4756299304983063,0.0
0,imagenet,random_anneal_10,25,random,4,0.945,0.98,0.12285635,0.04,0.8268877551020407,0.5175266882325791,0.0
0,imagenet,random_anneal_10,25,random_rescue_10,0,0.965,0.98,0.056263264,0.02,0.7324489795918367,0.1813690702469659,10.0
0,imagenet,random_anneal_10,25,random_rescue_10,1,0.945,0.98,0.084839776,0.04,0.7328571428571431,0.1903137391098913,10.0
0,imagenet,random_anneal_10,25,random_rescue_10,2,0.95,0.98,0.062013883,0.03,0.7334183673469389,0.1832611139225244,10.0
0,imagenet,random_anneal_10,25,random_rescue_10,3,0.965,0.98,0.055901412,0.025,0.7331122448979592,0.1703499065519075,10.0
0,imagenet,random_anneal_10,25,random_rescue_10,4,0.945,0.98,0.07862591,0.035,0.7323469387755103,0.17428399208964357,10.0
0,imagenet,random_anneal_10,25,foreground_rescue_10,0,0.95,0.98,0.058499493,0.035,0.6785204081632653,0.027946590205108354,2.99
0,imagenet,random_anneal_10,25,foreground_rescue_10,1,0.96,0.98,0.05928665,0.025,0.6785204081632653,0.027946590205108354,2.99
0,imagenet,random_anneal_10,25,foreground_rescue_10,2,0.96,0.98,0.0582099,0.025,0.6785204081632653,0.027946590205108354,2.99
0,imagenet,random_anneal_10,25,foreground_rescue_10,3,0.95,0.98,0.071008295,0.035,0.6785204081632653,0.027946590205108354,2.99
0,imagenet,random_anneal_10,25,foreground_rescue_10,4,0.96,0.98,0.05866457,0.025,0.6785204081632653,0.027946590205108354,2.99
0,imagenet,random_anneal_10,25,low_score_rescue_10,0,0.935,0.98,0.09708025,0.045,0.7162755102040816,0.10963237168557775,10.0
0,imagenet,random_anneal_10,25,low_score_rescue_10,1,0.95,0.98,0.0745128,0.03,0.7157142857142859,0.10993757551439724,10.0
0,imagenet,random_anneal_10,25,low_score_rescue_10,2,0.935,0.98,0.10682287,0.05,0.715204081632653,0.10831093844766554,10.0
0,imagenet,random_anneal_10,25,low_score_rescue_10,3,0.935,0.98,0.105917715,0.045,0.7149489795918368,0.10698878580860936,10.0
0,imagenet,random_anneal_10,25,low_score_rescue_10,4,0.94,0.98,0.10995746,0.045,0.7159183673469388,0.11020314787963637,10.0
0,imagenet,random_anneal_10,25,random_matched,0,0.95,0.98,0.08053255,0.035,0.720408163265306,0.11463119076035429,2.99
0,imagenet,random_anneal_10,25,random_matched,1,0.95,0.98,0.07312407,0.035,0.7194897959183674,0.11310706438723866,2.99
0,imagenet,random_anneal_10,25,random_matched,2,0.94,0.98,0.10181261,0.045,0.7186734693877551,0.11086888584351233,2.99
0,imagenet,random_anneal_10,25,random_matched,3,0.945,0.98,0.08289916,0.04,0.7189285714285714,0.11193589656360883,2.99
0,imagenet,random_anneal_10,25,random_matched,4,0.95,0.98,0.08477436,0.035,0.7183673469387756,0.11183693699499783,2.99
0,imagenet,random_anneal_10,50,student,0,0.96,0.98,0.06816535,0.025,0.7098469387755102,0.09593503383395227,0.0
0,imagenet,random_anneal_10,50,student,1,0.96,0.98,0.06816535,0.025,0.7098469387755102,0.09593503383395227,0.0
0,imagenet,random_anneal_10,50,student,2,0.96,0.98,0.06816535,0.025,0.7098469387755102,0.09593503383395227,0.0
0,imagenet,random_anneal_10,50,student,3,0.96,0.98,0.06816535,0.025,0.7098469387755102,0.09593503383395227,0.0
0,imagenet,random_anneal_10,50,student,4,0.96,0.98,0.06816535,0.025,0.7098469387755102,0.09593503383395227,0.0
0,imagenet,random_anneal_10,50,random,0,0.95,0.98,0.07085513,0.03,0.8246938775510205,0.48994748795493875,0.0
0,imagenet,random_anneal_10,50,random,1,0.965,0.98,0.06002661,0.02,0.8235204081632653,0.4946262972715817,0.0
0,imagenet,random_anneal_10,50,random,2,0.945,0.98,0.086035594,0.035,0.8219387755102041,0.47777470733476307,0.0
0,imagenet,random_anneal_10,50,random,3,0.93,0.98,0.11281219,0.05,0.822857142857143,0.4756299304983063,0.0
0,imagenet,random_anneal_10,50,random,4,0.945,0.98,0.12285635,0.04,0.8268877551020407,0.5175266882325791,0.0
0,imagenet,random_anneal_10,50,random_rescue_10,0,0.94,0.98,0.097478114,0.045,0.7335204081632654,0.18333116606641472,10.0
0,imagenet,random_anneal_10,50,random_rescue_10,1,0.945,0.98,0.13787703,0.045,0.735204081632653,0.18669581555957515,10.0
0,imagenet,random_anneal_10,50,random_rescue_10,2,0.955,0.98,0.087922856,0.03,0.7343877551020409,0.18765311477032487,10.0
0,imagenet,random_anneal_10,50,random_rescue_10,3,0.97,0.98,0.049951043,0.02,0.7333673469387754,0.1815113033049761,10.0
0,imagenet,random_anneal_10,50,random_rescue_10,4,0.945,0.98,0.08884931,0.035,0.7340816326530613,0.17963742818150416,10.0
0,imagenet,random_anneal_10,50,foreground_rescue_10,0,0.96,0.98,0.0658216,0.025,0.679438775510204,0.029749782712778068,2.98
0,imagenet,random_anneal_10,50,foreground_rescue_10,1,0.955,0.98,0.079696424,0.03,0.679438775510204,0.029749782712778068,2.98
0,imagenet,random_anneal_10,50,foreground_rescue_10,2,0.955,0.98,0.07030202,0.03,0.679438775510204,0.029749782712778068,2.98
0,imagenet,random_anneal_10,50,foreground_rescue_10,3,0.955,0.98,0.069846384,0.03,0.679438775510204,0.029749782712778068,2.98
0,imagenet,random_anneal_10,50,foreground_rescue_10,4,0.96,0.98,0.06488535,0.025,0.679438775510204,0.029749782712778068,2.98
0,imagenet,random_anneal_10,50,low_score_rescue_10,0,0.95,0.98,0.07788514,0.035,0.7183163265306122,0.11105057119402191,10.0
0,imagenet,random_anneal_10,50,low_score_rescue_10,1,0.955,0.98,0.06806126,0.035,0.718469387755102,0.11286083647874841,10.0
0,imagenet,random_anneal_10,50,low_score_rescue_10,2,0.95,0.98,0.0882797,0.035,0.7174489795918367,0.11220852863361264,10.0
0,imagenet,random_anneal_10,50,low_score_rescue_10,3,0.955,0.98,0.0826058,0.035,0.7180612244897958,0.11280847045803276,10.0
0,imagenet,random_anneal_10,50,low_score_rescue_10,4,0.955,0.98,0.088461526,0.03,0.7173469387755103,0.11062582137992483,10.0
0,imagenet,random_anneal_10,50,random_matched,0,0.955,0.98,0.0719154,0.03,0.7207142857142859,0.11564779954295987,2.98
0,imagenet,random_anneal_10,50,random_matched,1,0.955,0.98,0.072531946,0.03,0.7213265306122448,0.11592119036839145,2.98
0,imagenet,random_anneal_10,50,random_matched,2,0.96,0.98,0.0753498,0.025,0.7195408163265306,0.11235215901487987,2.98
0,imagenet,random_anneal_10,50,random_matched,3,0.955,0.98,0.07899366,0.03,0.7198979591836734,0.11390294276788389,2.98
0,imagenet,random_anneal_10,50,random_matched,4,0.96,0.98,0.0675991,0.025,0.7194897959183674,0.11249968889040547,2.98
0,imagenet,random_anneal_10,75,student,0,0.95,0.98,0.08610754,0.035,0.7088775510204082,0.09181336849832863,0.0
0,imagenet,random_anneal_10,75,student,1,0.95,0.98,0.08610754,0.035,0.7088775510204082,0.09181336849832863,0.0
0,imagenet,random_anneal_10,75,student,2,0.95,0.98,0.08610754,0.035,0.7088775510204082,0.09181336849832863,0.0
0,imagenet,random_anneal_10,75,student,3,0.95,0.98,0.08610754,0.035,0.7088775510204082,0.09181336849832863,0.0
0,imagenet,random_anneal_10,75,student,4,0.95,0.98,0.08610754,0.035,0.7088775510204082,0.09181336849832863,0.0
0,imagenet,random_anneal_10,75,random,0,0.95,0.98,0.07085513,0.03,0.8246938775510205,0.48994748795493875,0.0
0,imagenet,random_anneal_10,75,random,1,0.965,0.98,0.06002661,0.02,0.8235204081632653,0.4946262972715817,0.0
0,imagenet,random_anneal_10,75,random,2,0.945,0.98,0.086035594,0.035,0.8219387755102041,0.47777470733476307,0.0
0,imagenet,random_anneal_10,75,random,3,0.93,0.98,0.11281219,0.05,0.822857142857143,0.4756299304983063,0.0
0,imagenet,random_anneal_10,75,random,4,0.945,0.98,0.12285635,0.04,0.8268877551020407,0.5175266882325791,0.0
0,imagenet,random_anneal_10,75,random_rescue_10,0,0.95,0.98,0.08627213,0.035,0.7315816326530612,0.17797305456909202,10.0
0,imagenet,random_anneal_10,75,random_rescue_10,1,0.945,0.98,0.09895717,0.04,0.7329591836734692,0.1717062738987078,10.0
0,imagenet,random_anneal_10,75,random_rescue_10,2,0.945,0.98,0.12166771,0.04,0.7323469387755103,0.17614362325481914,10.0
0,imagenet,random_anneal_10,75,random_rescue_10,3,0.95,0.98,0.075386174,0.03,0.732704081632653,0.1711696780134412,10.0
0,imagenet,random_anneal_10,75,random_rescue_10,4,0.955,0.98,0.082173824,0.03,0.7323979591836735,0.16703853784929684,10.0
0,imagenet,random_anneal_10,75,foreground_rescue_10,0,0.96,0.98,0.06696234,0.025,0.6788775510204081,0.028959891049649186,2.94
0,imagenet,random_anneal_10,75,foreground_rescue_10,1,0.955,0.98,0.090085536,0.03,0.6788775510204081,0.028959891049649186,2.94
0,imagenet,random_anneal_10,75,foreground_rescue_10,2,0.96,0.98,0.06962412,0.025,0.6788775510204081,0.028959891049649186,2.94
0,imagenet,random_anneal_10,75,foreground_rescue_10,3,0.955,0.98,0.07676998,0.03,0.6788775510204081,0.028959891049649186,2.94
0,imagenet,random_anneal_10,75,foreground_rescue_10,4,0.96,0.98,0.07040314,0.025,0.6788775510204081,0.028959891049649186,2.94
0,imagenet,random_anneal_10,75,low_score_rescue_10,0,0.95,0.98,0.06932214,0.035,0.716887755102041,0.10687125489985173,10.0
0,imagenet,random_anneal_10,75,low_score_rescue_10,1,0.955,0.98,0.06799919,0.03,0.7167857142857144,0.10582634980567743,10.0
0,imagenet,random_anneal_10,75,low_score_rescue_10,2,0.965,0.98,0.046473503,0.02,0.7163265306122448,0.1058258770779347,10.0
0,imagenet,random_anneal_10,75,low_score_rescue_10,3,0.955,0.98,0.06844223,0.03,0.7168367346938775,0.10698922512705086,10.0
0,imagenet,random_anneal_10,75,low_score_rescue_10,4,0.96,0.98,0.07285683,0.025,0.7166326530612246,0.10582179818633368,10.0
0,imagenet,random_anneal_10,75,random_matched,0,0.95,0.98,0.08929632,0.035,0.7194897959183675,0.10871119207044762,2.94
0,imagenet,random_anneal_10,75,random_matched,1,0.95,0.98,0.08753742,0.035,0.7188775510204082,0.10986827842995528,2.94
0,imagenet,random_anneal_10,75,random_matched,2,0.955,0.98,0.104617536,0.03,0.7193877551020408,0.10899330221527552,2.94
0,imagenet,random_anneal_10,75,random_matched,3,0.94,0.98,0.11879993,0.045,0.7192346938775509,0.10898041209696213,2.94
0,imagenet,random_anneal_10,75,random_matched,4,0.96,0.98,0.088480264,0.025,0.7173979591836734,0.10409400300944349,2.94
0,imagenet,random_anneal_10,100,student,0,0.945,0.98,0.091163665,0.035,0.7084183673469389,0.09030775569790292,0.0
0,imagenet,random_anneal_10,100,student,1,0.945,0.98,0.091163665,0.035,0.7084183673469389,0.09030775569790292,0.0
0,imagenet,random_anneal_10,100,student,2,0.945,0.98,0.091163665,0.035,0.7084183673469389,0.09030775569790292,0.0
0,imagenet,random_anneal_10,100,student,3,0.945,0.98,0.091163665,0.035,0.7084183673469389,0.09030775569790292,0.0
0,imagenet,random_anneal_10,100,student,4,0.945,0.98,0.091163665,0.035,0.7084183673469389,0.09030775569790292,0.0
0,imagenet,random_anneal_10,100,random,0,0.95,0.98,0.07085513,0.03,0.8246938775510205,0.48994748795493875,0.0
0,imagenet,random_anneal_10,100,random,1,0.965,0.98,0.06002661,0.02,0.8235204081632653,0.4946262972715817,0.0
0,imagenet,random_anneal_10,100,random,2,0.945,0.98,0.086035594,0.035,0.8219387755102041,0.47777470733476307,0.0
0,imagenet,random_anneal_10,100,random,3,0.93,0.98,0.11281219,0.05,0.822857142857143,0.4756299304983063,0.0
0,imagenet,random_anneal_10,100,random,4,0.945,0.98,0.12285635,0.04,0.8268877551020407,0.5175266882325791,0.0
0,imagenet,random_anneal_10,100,random_rescue_10,0,0.945,0.98,0.058496878,0.035,0.7321938775510205,0.18436904905310278,10.0
0,imagenet,random_anneal_10,100,random_rescue_10,1,0.955,0.98,0.0453006,0.03,0.733265306122449,0.17376892983174186,10.0
0,imagenet,random_anneal_10,100,random_rescue_10,2,0.945,0.98,0.092804626,0.04,0.7325,0.16928790503296645,10.0
0,imagenet,random_anneal_10,100,random_rescue_10,3,0.945,0.98,0.09336855,0.035,0.7323469387755103,0.1721545255358343,10.0
0,imagenet,random_anneal_10,100,random_rescue_10,4,0.945,0.98,0.100472964,0.035,0.7321938775510204,0.17598684232724235,10.0
0,imagenet,random_anneal_10,100,foreground_rescue_10,0,0.95,0.98,0.08022053,0.03,0.6787244897959184,0.028689662638016703,2.91
0,imagenet,random_anneal_10,100,foreground_rescue_10,1,0.955,0.98,0.06947134,0.025,0.6787244897959184,0.028689662638016703,2.91
0,imagenet,random_anneal_10,100,foreground_rescue_10,2,0.95,0.98,0.090753816,0.03,0.6787244897959184,0.028689662638016703,2.91
0,imagenet,random_anneal_10,100,foreground_rescue_10,3,0.95,0.98,0.07213074,0.03,0.6787244897959184,0.028689662638016703,2.91
0,imagenet,random_anneal_10,100,foreground_rescue_10,4,0.955,0.98,0.06863828,0.025,0.6787244897959184,0.028689662638016703,2.91
0,imagenet,random_anneal_10,100,low_score_rescue_10,0,0.95,0.98,0.086749695,0.035,0.7168367346938775,0.10640878951093878,10.0
0,imagenet,random_anneal_10,100,low_score_rescue_10,1,0.955,0.98,0.084940456,0.03,0.7165306122448979,0.10561952079732204,10.0
0,imagenet,random_anneal_10,100,low_score_rescue_10,2,0.94,0.98,0.105199955,0.045,0.7158163265306123,0.10497371310448028,10.0
0,imagenet,random_anneal_10,100,low_score_rescue_10,3,0.945,0.98,0.10461649,0.04,0.716734693877551,0.10671750971583407,10.0
0,imagenet,random_anneal_10,100,low_score_rescue_10,4,0.93,0.98,0.10801775,0.05,0.7163265306122448,0.10543933431236824,10.0
0,imagenet,random_anneal_10,100,random_matched,0,0.94,0.98,0.09472034,0.04,0.7187244897959184,0.10709098563310969,2.91
0,imagenet,random_anneal_10,100,random_matched,1,0.95,0.98,0.07637102,0.03,0.7188265306122449,0.10795811773438689,2.91
0,imagenet,random_anneal_10,100,random_matched,2,0.955,0.98,0.07537602,0.025,0.7179081632653062,0.10713639781364935,2.91
0,imagenet,random_anneal_10,100,random_matched,3,0.95,0.98,0.08415835,0.03,0.7190816326530611,0.10784822569627792,2.91
0,imagenet,random_anneal_10,100,random_matched,4,0.95,0.98,0.07703464,0.03,0.717295918367347,0.10394712333919097,2.91
0,imagenet,student,0,student,0,0.965,0.98,0.049423896,0.015,0.7058673469387755,0.08231790489358617,0.0
0,imagenet,student,0,student,1,0.965,0.98,0.049423896,0.015,0.7058673469387755,0.08231790489358617,0.0
0,imagenet,student,0,student,2,0.965,0.98,0.049423896,0.015,0.7058673469387755,0.08231790489358617,0.0
0,imagenet,student,0,student,3,0.965,0.98,0.049423896,0.015,0.7058673469387755,0.08231790489358617,0.0
0,imagenet,student,0,student,4,0.965,0.98,0.049423896,0.015,0.7058673469387755,0.08231790489358617,0.0
0,imagenet,student,0,random,0,0.95,0.98,0.07085513,0.03,0.8246938775510205,0.48994748795493875,0.0
0,imagenet,student,0,random,1,0.965,0.98,0.06002661,0.02,0.8235204081632653,0.4946262972715817,0.0
0,imagenet,student,0,random,2,0.945,0.98,0.086035594,0.035,0.8219387755102041,0.47777470733476307,0.0
0,imagenet,student,0,random,3,0.93,0.98,0.11281219,0.05,0.822857142857143,0.4756299304983063,0.0
0,imagenet,student,0,random,4,0.945,0.98,0.12285635,0.04,0.8268877551020407,0.5175266882325791,0.0
0,imagenet,student,0,random_rescue_10,0,0.955,0.98,0.07673554,0.03,0.729234693877551,0.1679639018459042,10.0
0,imagenet,student,0,random_rescue_10,1,0.96,0.98,0.05731293,0.02,0.7321428571428572,0.17112982691976839,10.0
0,imagenet,student,0,random_rescue_10,2,0.955,0.98,0.07880971,0.025,0.7311224489795919,0.17162426857917626,10.0
0,imagenet,student,0,random_rescue_10,3,0.955,0.98,0.0690822,0.025,0.7294897959183675,0.17406355448185729,10.0
0,imagenet,student,0,random_rescue_10,4,0.94,0.98,0.09882484,0.04,0.7296428571428573,0.15813417548845027,10.0
0,imagenet,student,0,foreground_rescue_10,0,0.96,0.98,0.052042674,0.02,0.677295918367347,0.025096868132710646,2.8
0,imagenet,student,0,foreground_rescue_10,1,0.96,0.98,0.061706647,0.02,0.677295918367347,0.025096868132710646,2.8
0,imagenet,student,0,foreground_rescue_10,2,0.96,0.98,0.057614543,0.02,0.677295918367347,0.025096868132710646,2.8
0,imagenet,student,0,foreground_rescue_10,3,0.96,0.98,0.062874764,0.02,0.677295918367347,0.025096868132710646,2.8
0,imagenet,student,0,foreground_rescue_10,4,0.96,0.98,0.063759096,0.02,0.677295918367347,0.025096868132710646,2.8
0,imagenet,student,0,low_score_rescue_10,0,0.95,0.98,0.07409613,0.03,0.7128571428571427,0.09592084560465473,10.0
0,imagenet,student,0,low_score_rescue_10,1,0.96,0.98,0.048454687,0.02,0.7136734693877551,0.09635290260200267,10.0
0,imagenet,student,0,low_score_rescue_10,2,0.95,0.98,0.061150827,0.03,0.7132142857142857,0.09623877203175696,10.0
0,imagenet,student,0,low_score_rescue_10,3,0.955,0.98,0.07511786,0.025,0.7127551020408163,0.09565284000194518,10.0
0,imagenet,student,0,low_score_rescue_10,4,0.955,0.98,0.06678594,0.025,0.7127551020408163,0.09502717675311124,10.0
0,imagenet,student,0,random_matched,0,0.96,0.98,0.05148281,0.02,0.7163775510204081,0.09909034654213109,2.8
0,imagenet,student,0,random_matched,1,0.965,0.98,0.051132623,0.015,0.7163775510204081,0.10026353536070877,2.8
0,imagenet,student,0,random_matched,2,0.95,0.98,0.06500979,0.03,0.7168877551020408,0.10060035762440128,2.8
0,imagenet,student,0,random_matched,3,0.96,0.98,0.05155242,0.02,0.7167346938775511,0.10205323439281039,2.8
0,imagenet,student,0,random_matched,4,0.955,0.98,0.055842362,0.025,0.7166836734693877,0.09952487927668469,2.8
0,imagenet,student,10,student,0,0.95,0.98,0.07462903,0.035,0.7043367346938776,0.08459679941586704,0.0
0,imagenet,student,10,student,1,0.95,0.98,0.07462903,0.035,0.7043367346938776,0.08459679941586704,0.0
0,imagenet,student,10,student,2,0.95,0.98,0.07462903,0.035,0.7043367346938776,0.08459679941586704,0.0
0,imagenet,student,10,student,3,0.95,0.98,0.07462903,0.035,0.7043367346938776,0.08459679941586704,0.0
0,imagenet,student,10,student,4,0.95,0.98,0.07462903,0.035,0.7043367346938776,0.08459679941586704,0.0
0,imagenet,student,10,random,0,0.95,0.98,0.07085513,0.03,0.8246938775510205,0.48994748795493875,0.0
0,imagenet,student,10,random,1,0.965,0.98,0.06002661,0.02,0.8235204081632653,0.4946262972715817,0.0
0,imagenet,student,10,random,2,0.945,0.98,0.086035594,0.035,0.8219387755102041,0.47777470733476307,0.0
0,imagenet,student,10,random,3,0.93,0.98,0.11281219,0.05,0.822857142857143,0.4756299304983063,0.0
0,imagenet,student,10,random,4,0.945,0.98,0.12285635,0.04,0.8268877551020407,0.5175266882325791,0.0
0,imagenet,student,10,random_rescue_10,0,0.95,0.98,0.068251245,0.03,0.7294897959183673,0.17784356488856984,10.0
0,imagenet,student,10,random_rescue_10,1,0.945,0.98,0.07426259,0.035,0.730204081632653,0.16277866135301636,10.0
0,imagenet,student,10,random_rescue_10,2,0.945,0.98,0.07552113,0.04,0.7296938775510204,0.16499227029115762,10.0
0,imagenet,student,10,random_rescue_10,3,0.955,0.98,0.073471144,0.03,0.7299489795918368,0.18239938804816241,10.0
0,imagenet,student,10,random_rescue_10,4,0.94,0.98,0.07383552,0.04,0.7274489795918367,0.16228637577636554,10.0
0,imagenet,student,10,foreground_rescue_10,0,0.955,0.98,0.08046829,0.03,0.6764285714285715,0.024868135209452826,2.735
0,imagenet,student,10,foreground_rescue_10,1,0.955,0.98,0.07023456,0.03,0.6764285714285715,0.024868135209452826,2.735
0,imagenet,student,10,foreground_rescue_10,2,0.955,0.98,0.07060592,0.03,0.6764285714285715,0.024868135209452826,2.735
0,imagenet,student,10,foreground_rescue_10,3,0.955,0.98,0.072020315,0.03,0.6764285714285715,0.024868135209452826,2.735
0,imagenet,student,10,foreground_rescue_10,4,0.95,0.98,0.08638971,0.035,0.6764285714285715,0.024868135209452826,2.735
0,imagenet,student,10,low_score_rescue_10,0,0.94,0.98,0.09628811,0.04,0.710765306122449,0.09691179322100486,10.0
0,imagenet,student,10,low_score_rescue_10,1,0.95,0.98,0.050692085,0.03,0.7113265306122449,0.09875855365244494,10.0
0,imagenet,student,10,low_score_rescue_10,2,0.935,0.98,0.079536565,0.045,0.710969387755102,0.09721164254686,10.0
0,imagenet,student,10,low_score_rescue_10,3,0.945,0.98,0.07893399,0.035,0.710612244897959,0.09620616802177129,10.0
0,imagenet,student,10,low_score_rescue_10,4,0.945,0.98,0.08276722,0.04,0.7110204081632654,0.09720995468056201,10.0
0,imagenet,student,10,random_matched,0,0.95,0.98,0.08346426,0.035,0.7144387755102041,0.10101487015646961,2.735
0,imagenet,student,10,random_matched,1,0.955,0.98,0.06786136,0.03,0.7149489795918368,0.10253174004780087,2.735
0,imagenet,student,10,random_matched,2,0.955,0.98,0.064013764,0.03,0.7151020408163266,0.10273438419819143,2.735
0,imagenet,student,10,random_matched,3,0.955,0.98,0.06846103,0.03,0.7144387755102041,0.10112063917621109,2.735
0,imagenet,student,10,random_matched,4,0.955,0.98,0.07441875,0.03,0.7126530612244898,0.09788385226213371,2.735
0,imagenet,student,25,student,0,0.95,0.98,0.091676615,0.035,0.7098979591836735,0.09193122984484028,0.0
0,imagenet,student,25,student,1,0.95,0.98,0.091676615,0.035,0.7098979591836735,0.09193122984484028,0.0
0,imagenet,student,25,student,2,0.95,0.98,0.091676615,0.035,0.7098979591836735,0.09193122984484028,0.0
0,imagenet,student,25,student,3,0.95,0.98,0.091676615,0.035,0.7098979591836735,0.09193122984484028,0.0
0,imagenet,student,25,student,4,0.95,0.98,0.091676615,0.035,0.7098979591836735,0.09193122984484028,0.0
0,imagenet,student,25,random,0,0.95,0.98,0.07085513,0.03,0.8246938775510205,0.48994748795493875,0.0
0,imagenet,student,25,random,1,0.965,0.98,0.06002661,0.02,0.8235204081632653,0.4946262972715817,0.0
0,imagenet,student,25,random,2,0.945,0.98,0.086035594,0.035,0.8219387755102041,0.47777470733476307,0.0
0,imagenet,student,25,random,3,0.93,0.98,0.11281219,0.05,0.822857142857143,0.4756299304983063,0.0
0,imagenet,student,25,random,4,0.945,0.98,0.12285635,0.04,0.8268877551020407,0.5175266882325791,0.0
0,imagenet,student,25,random_rescue_10,0,0.94,0.98,0.10644577,0.045,0.735765306122449,0.19780257891005737,10.0
0,imagenet,student,25,random_rescue_10,1,0.955,0.98,0.07013989,0.03,0.7359183673469388,0.17784820786162583,10.0
0,imagenet,student,25,random_rescue_10,2,0.96,0.98,0.07974999,0.025,0.7351530612244898,0.18618987076530966,10.0
0,imagenet,student,25,random_rescue_10,3,0.95,0.98,0.07067586,0.035,0.7330612244897959,0.1690897564071433,10.0
0,imagenet,student,25,random_rescue_10,4,0.94,0.98,0.13278764,0.045,0.7338265306122449,0.17046974437328724,10.0
0,imagenet,student,25,foreground_rescue_10,0,0.96,0.98,0.05396829,0.025,0.6802551020408164,0.02967194426843009,2.905
0,imagenet,student,25,foreground_rescue_10,1,0.955,0.98,0.063046835,0.03,0.6802551020408164,0.02967194426843009,2.905
0,imagenet,student,25,foreground_rescue_10,2,0.955,0.98,0.07221364,0.03,0.6802551020408164,0.02967194426843009,2.905
0,imagenet,student,25,foreground_rescue_10,3,0.955,0.98,0.077537045,0.03,0.6802551020408164,0.02967194426843009,2.905
0,imagenet,student,25,foreground_rescue_10,4,0.955,0.98,0.073157065,0.03,0.6802551020408164,0.02967194426843009,2.905
0,imagenet,student,25,low_score_rescue_10,0,0.935,0.98,0.07796397,0.05,0.7159693877551021,0.10598161643502788,10.0
0,imagenet,student,25,low_score_rescue_10,1,0.95,0.98,0.056744557,0.035,0.7165306122448979,0.10564941980268158,10.0
0,imagenet,student,25,low_score_rescue_10,2,0.945,0.98,0.07701168,0.04,0.7157653061224488,0.10582198500380838,10.0
0,imagenet,student,25,low_score_rescue_10,3,0.945,0.98,0.0806707,0.04,0.7165816326530612,0.10675529356906172,10.0
0,imagenet,student,25,low_score_rescue_10,4,0.955,0.98,0.08136374,0.03,0.716734693877551,0.10754325986501603,10.0
0,imagenet,student,25,random_matched,0,0.945,0.98,0.0889227,0.04,0.7195408163265306,0.10822557066865536,2.905
0,imagenet,student,25,random_matched,1,0.95,0.98,0.09026568,0.035,0.7186224489795918,0.10656444199051229,2.905
0,imagenet,student,25,random_matched,2,0.96,0.98,0.06256402,0.025,0.7210204081632652,0.11009034392107066,2.905
0,imagenet,student,25,random_matched,3,0.95,0.98,0.08721625,0.035,0.7205612244897958,0.10907968029798659,2.905
0,imagenet,student,25,random_matched,4,0.955,0.98,0.056321744,0.03,0.719795918367347,0.10858664980127561,2.905
0,imagenet,student,50,student,0,0.96,0.98,0.065658696,0.025,0.7081122448979592,0.09062741933543317,0.0
0,imagenet,student,50,student,1,0.96,0.98,0.065658696,0.025,0.7081122448979592,0.09062741933543317,0.0
0,imagenet,student,50,student,2,0.96,0.98,0.065658696,0.025,0.7081122448979592,0.09062741933543317,0.0
0,imagenet,student,50,student,3,0.96,0.98,0.065658696,0.025,0.7081122448979592,0.09062741933543317,0.0
0,imagenet,student,50,student,4,0.96,0.98,0.065658696,0.025,0.7081122448979592,0.09062741933543317,0.0
0,imagenet,student,50,random,0,0.95,0.98,0.07085513,0.03,0.8246938775510205,0.48994748795493875,0.0
0,imagenet,student,50,random,1,0.965,0.98,0.06002661,0.02,0.8235204081632653,0.4946262972715817,0.0
0,imagenet,student,50,random,2,0.945,0.98,0.086035594,0.035,0.8219387755102041,0.47777470733476307,0.0
0,imagenet,student,50,random,3,0.93,0.98,0.11281219,0.05,0.822857142857143,0.4756299304983063,0.0
0,imagenet,student,50,random,4,0.945,0.98,0.12285635,0.04,0.8268877551020407,0.5175266882325791,0.0
0,imagenet,student,50,random_rescue_10,0,0.955,0.98,0.07204784,0.03,0.7321428571428572,0.17673743974662964,10.0
0,imagenet,student,50,random_rescue_10,1,0.96,0.98,0.045272354,0.02,0.7334693877551021,0.18208700622500912,10.0
0,imagenet,student,50,random_rescue_10,2,0.955,0.98,0.07148567,0.03,0.7326530612244898,0.1733256459781993,10.0
0,imagenet,student,50,random_rescue_10,3,0.945,0.98,0.07468117,0.035,0.7328061224489795,0.16929017979163002,10.0
0,imagenet,student,50,random_rescue_10,4,0.96,0.98,0.05970733,0.025,0.7321428571428571,0.18037813259967225,10.0
0,imagenet,student,50,foreground_rescue_10,0,0.95,0.98,0.06298157,0.03,0.6785714285714286,0.027808335239701026,2.895
0,imagenet,student,50,foreground_rescue_10,1,0.955,0.98,0.078321286,0.03,0.6785714285714286,0.027808335239701026,2.895
0,imagenet,student,50,foreground_rescue_10,2,0.96,0.98,0.059972826,0.025,0.6785714285714286,0.027808335239701026,2.895
0,imagenet,student,50,foreground_rescue_10,3,0.96,0.98,0.06369137,0.025,0.6785714285714286,0.027808335239701026,2.895
0,imagenet,student,50,foreground_rescue_10,4,0.96,0.98,0.06291382,0.025,0.6785714285714286,0.027808335239701026,2.895
0,imagenet,student,50,low_score_rescue_10,0,0.95,0.98,0.06138027,0.03,0.7158673469387754,0.10552923383732392,10.0
0,imagenet,student,50,low_score_rescue_10,1,0.94,0.98,0.08894546,0.04,0.715561224489796,0.10454777824184823,10.0
0,imagenet,student,50,low_score_rescue_10,2,0.95,0.98,0.055001955,0.035,0.7158163265306123,0.10684853290032502,10.0
0,imagenet,student,50,low_score_rescue_10,3,0.955,0.98,0.054705676,0.025,0.7150510204081633,0.10637184435001215,10.0
0,imagenet,student,50,low_score_rescue_10,4,0.955,0.98,0.0672724,0.025,0.7155102040816327,0.10734647191732138,10.0
0,imagenet,student,50,random_matched,0,0.96,0.98,0.063764326,0.025,0.7198979591836735,0.11037992519399448,2.895
0,imagenet,student,50,random_matched,1,0.96,0.98,0.059674926,0.02,0.718265306122449,0.1074829256015943,2.895
0,imagenet,student,50,random_matched,2,0.965,0.98,0.04745083,0.02,0.7188775510204082,0.10840062349373905,2.895
0,imagenet,student,50,random_matched,3,0.96,0.98,0.07044109,0.025,0.7181632653061224,0.10819432041037584,2.895
0,imagenet,student,50,random_matched,4,0.955,0.98,0.07194188,0.03,0.7178571428571427,0.10603569033569367,2.895
0,imagenet,student,75,student,0,0.945,0.98,0.10118447,0.04,0.7088265306122449,0.09145279177084367,0.0
0,imagenet,student,75,student,1,0.945,0.98,0.10118447,0.04,0.7088265306122449,0.09145279177084367,0.0
0,imagenet,student,75,student,2,0.945,0.98,0.10118447,0.04,0.7088265306122449,0.09145279177084367,0.0
0,imagenet,student,75,student,3,0.945,0.98,0.10118447,0.04,0.7088265306122449,0.09145279177084367,0.0
0,imagenet,student,75,student,4,0.945,0.98,0.10118447,0.04,0.7088265306122449,0.09145279177084367,0.0
0,imagenet,student,75,random,0,0.95,0.98,0.07085513,0.03,0.8246938775510205,0.48994748795493875,0.0
0,imagenet,student,75,random,1,0.965,0.98,0.06002661,0.02,0.8235204081632653,0.4946262972715817,0.0
0,imagenet,student,75,random,2,0.945,0.98,0.086035594,0.035,0.8219387755102041,0.47777470733476307,0.0
0,imagenet,student,75,random,3,0.93,0.98,0.11281219,0.05,0.822857142857143,0.4756299304983063,0.0
0,imagenet,student,75,random,4,0.945,0.98,0.12285635,0.04,0.8268877551020407,0.5175266882325791,0.0
0,imagenet,student,75,random_rescue_10,0,0.94,0.98,0.13272941,0.045,0.7326530612244898,0.19649807843467723,10.0
0,imagenet,student,75,random_rescue_10,1,0.95,0.98,0.08402764,0.035,0.7326530612244898,0.1749422632940241,10.0
0,imagenet,student,75,random_rescue_10,2,0.965,0.98,0.057090186,0.02,0.7341326530612245,0.17899321316050673,10.0
0,imagenet,student,75,random_rescue_10,3,0.935,0.98,0.06855039,0.045,0.7329591836734692,0.17226543552589368,10.0
0,imagenet,student,75,random_rescue_10,4,0.95,0.98,0.059031487,0.035,0.7318367346938776,0.1851472048060872,10.0
0,imagenet,student,75,foreground_rescue_10,0,0.955,0.98,0.08581685,0.03,0.6792857142857142,0.028615049809076424,2.895
0,imagenet,student,75,foreground_rescue_10,1,0.955,0.98,0.07933037,0.03,0.6792857142857142,0.028615049809076424,2.895
0,imagenet,student,75,foreground_rescue_10,2,0.95,0.98,0.075903185,0.035,0.6792857142857142,0.028615049809076424,2.895
0,imagenet,student,75,foreground_rescue_10,3,0.955,0.98,0.07646788,0.03,0.6792857142857142,0.028615049809076424,2.895
0,imagenet,student,75,foreground_rescue_10,4,0.95,0.98,0.07557173,0.035,0.6792857142857142,0.028615049809076424,2.895
0,imagenet,student,75,low_score_rescue_10,0,0.93,0.98,0.098760344,0.05,0.7161734693877552,0.10359805034586185,10.0
0,imagenet,student,75,low_score_rescue_10,1,0.945,0.98,0.07652393,0.04,0.7161734693877552,0.1040634415335814,10.0
0,imagenet,student,75,low_score_rescue_10,2,0.935,0.98,0.098273546,0.045,0.7164795918367346,0.10463522453576164,10.0
0,imagenet,student,75,low_score_rescue_10,3,0.955,0.98,0.06409998,0.03,0.7161224489795919,0.10420109406967486,10.0
0,imagenet,student,75,low_score_rescue_10,4,0.945,0.98,0.0911059,0.04,0.7163265306122448,0.1048526689034361,10.0
0,imagenet,student,75,random_matched,0,0.945,0.98,0.10317705,0.04,0.7207142857142856,0.11223886128731903,2.895
0,imagenet,student,75,random_matched,1,0.955,0.98,0.08683967,0.03,0.7176020408163265,0.10588773833053657,2.895
0,imagenet,student,75,random_matched,2,0.955,0.98,0.08756434,0.03,0.7174489795918367,0.10615457734249756,2.895
0,imagenet,student,75,random_matched,3,0.95,0.98,0.09037168,0.035,0.7185204081632652,0.10790415041758744,2.895
0,imagenet,student,75,random_matched,4,0.955,0.98,0.0871483,0.03,0.7180102040816326,0.10614076102947029,2.895
0,imagenet,student,100,student,0,0.96,0.98,0.06483963,0.025,0.7080612244897959,0.08914376325284389,0.0
0,imagenet,student,100,student,1,0.96,0.98,0.06483963,0.025,0.7080612244897959,0.08914376325284389,0.0
0,imagenet,student,100,student,2,0.96,0.98,0.06483963,0.025,0.7080612244897959,0.08914376325284389,0.0
0,imagenet,student,100,student,3,0.96,0.98,0.06483963,0.025,0.7080612244897959,0.08914376325284389,0.0
0,imagenet,student,100,student,4,0.96,0.98,0.06483963,0.025,0.7080612244897959,0.08914376325284389,0.0
0,imagenet,student,100,random,0,0.95,0.98,0.07085513,0.03,0.8246938775510205,0.48994748795493875,0.0
0,imagenet,student,100,random,1,0.965,0.98,0.06002661,0.02,0.8235204081632653,0.4946262972715817,0.0
0,imagenet,student,100,random,2,0.945,0.98,0.086035594,0.035,0.8219387755102041,0.47777470733476307,0.0
0,imagenet,student,100,random,3,0.93,0.98,0.11281219,0.05,0.822857142857143,0.4756299304983063,0.0
0,imagenet,student,100,random,4,0.945,0.98,0.12285635,0.04,0.8268877551020407,0.5175266882325791,0.0
0,imagenet,student,100,random_rescue_10,0,0.965,0.98,0.048408117,0.02,0.7311734693877551,0.1666484119109423,10.0
0,imagenet,student,100,random_rescue_10,1,0.955,0.98,0.089068964,0.03,0.7330102040816326,0.17708234272152915,10.0
0,imagenet,student,100,random_rescue_10,2,0.96,0.98,0.053988673,0.025,0.7326530612244899,0.16973131342127332,10.0
0,imagenet,student,100,random_rescue_10,3,0.95,0.98,0.067949064,0.035,0.7322448979591836,0.1648512767773482,10.0
0,imagenet,student,100,random_rescue_10,4,0.95,0.98,0.07650742,0.035,0.7313265306122448,0.16606038702179368,10.0
0,imagenet,student,100,foreground_rescue_10,0,0.96,0.98,0.06344936,0.025,0.6786224489795919,0.02788394141400983,2.885
0,imagenet,student,100,foreground_rescue_10,1,0.965,0.98,0.055432253,0.02,0.6786224489795919,0.02788394141400983,2.885
0,imagenet,student,100,foreground_rescue_10,2,0.96,0.98,0.062111493,0.025,0.6786224489795919,0.02788394141400983,2.885
0,imagenet,student,100,foreground_rescue_10,3,0.96,0.98,0.07498359,0.025,0.6786224489795919,0.02788394141400983,2.885
0,imagenet,student,100,foreground_rescue_10,4,0.965,0.98,0.061785888,0.02,0.6786224489795919,0.02788394141400983,2.885
0,imagenet,student,100,low_score_rescue_10,0,0.955,0.98,0.086231135,0.035,0.7168367346938775,0.10419261002039056,10.0
0,imagenet,student,100,low_score_rescue_10,1,0.945,0.98,0.085164264,0.04,0.7165306122448979,0.10311636125160878,10.0
0,imagenet,student,100,low_score_rescue_10,2,0.945,0.98,0.08629745,0.035,0.7167857142857144,0.10456685288190251,10.0
0,imagenet,student,100,low_score_rescue_10,3,0.965,0.98,0.08261627,0.025,0.7164795918367346,0.10466870963748978,10.0
0,imagenet,student,100,low_score_rescue_10,4,0.95,0.98,0.11175928,0.035,0.7171938775510204,0.10510272505091406,10.0
0,imagenet,student,100,random_matched,0,0.96,0.98,0.08108412,0.025,0.7193877551020408,0.10826825042342803,2.885
0,imagenet,student,100,random_matched,1,0.95,0.98,0.07869035,0.035,0.7173469387755103,0.1047450870192404,2.885
0,imagenet,student,100,random_matched,2,0.965,0.98,0.060493898,0.02,0.7181122448979592,0.10646743193937612,2.885
0,imagenet,student,100,random_matched,3,0.965,0.98,0.058765084,0.02,0.7180612244897958,0.10671031334386749,2.885
0,imagenet,student,100,random_matched,4,0.955,0.98,0.068260446,0.03,0.7174489795918367,0.10376140599752882,2.885
0,scratch,random_anneal_10,0,student,0,0.875,0.98,0.3295332,0.105,0.850561224489796,0.5981794121635886,0.0
0,scratch,random_anneal_10,0,student,1,0.875,0.98,0.3295332,0.105,0.850561224489796,0.5981794121635886,0.0
0,scratch,random_anneal_10,0,student,2,0.875,0.98,0.3295332,0.105,0.850561224489796,0.5981794121635886,0.0
0,scratch,random_anneal_10,0,student,3,0.875,0.98,0.3295332,0.105,0.850561224489796,0.5981794121635886,0.0
0,scratch,random_anneal_10,0,student,4,0.875,0.98,0.3295332,0.105,0.850561224489796,0.5981794121635886,0.0
0,scratch,random_anneal_10,0,random,0,0.95,0.98,0.07085513,0.03,0.8246938775510205,0.48994748795493875,0.0
0,scratch,random_anneal_10,0,random,1,0.965,0.98,0.06002661,0.02,0.8235204081632653,0.4946262972715817,0.0
0,scratch,random_anneal_10,0,random,2,0.945,0.98,0.086035594,0.035,0.8219387755102041,0.47777470733476307,0.0
0,scratch,random_anneal_10,0,random,3,0.93,0.98,0.11281219,0.05,0.822857142857143,0.4756299304983063,0.0
0,scratch,random_anneal_10,0,random,4,0.945,0.98,0.12285635,0.04,0.8268877551020407,0.5175266882325791,0.0
0,scratch,random_anneal_10,0,random_rescue_10,0,0.895,0.98,0.20119835,0.085,0.8451530612244897,0.5638985049597482,10.0
0,scratch,random_anneal_10,0,random_rescue_10,1,0.87,0.98,0.2869938,0.11,0.8446428571428573,0.5759229810069456,10.0
0,scratch,random_anneal_10,0,random_rescue_10,2,0.905,0.98,0.23440336,0.075,0.846887755102041,0.5871443738245714,10.0
0,scratch,random_anneal_10,0,random_rescue_10,3,0.88,0.98,0.26195306,0.1,0.845,0.5784158401279986,10.0
0,scratch,random_anneal_10,0,random_rescue_10,4,0.88,0.98,0.28184977,0.1,0.8460204081632652,0.5803594066019169,10.0
0,scratch,random_anneal_10,0,foreground_rescue_10,0,0.925,0.98,0.12588541,0.055,0.775,0.23701169783036988,7.405
0,scratch,random_anneal_10,0,foreground_rescue_10,1,0.94,0.98,0.08395754,0.04,0.775,0.23701169783036988,7.405
0,scratch,random_anneal_10,0,foreground_rescue_10,2,0.96,0.98,0.06074478,0.02,0.775,0.23701169783036988,7.405
0,scratch,random_anneal_10,0,foreground_rescue_10,3,0.94,0.98,0.0930003,0.04,0.775,0.23701169783036988,7.405
0,scratch,random_anneal_10,0,foreground_rescue_10,4,0.965,0.98,0.049069263,0.015,0.775,0.23701169783036988,7.405
0,scratch,random_anneal_10,0,low_score_rescue_10,0,0.88,0.98,0.27229047,0.1,0.844795918367347,0.5859170772430334,10.0
0,scratch,random_anneal_10,0,low_score_rescue_10,1,0.865,0.98,0.30525488,0.115,0.8471428571428572,0.5853980915056881,10.0
0,scratch,random_anneal_10,0,low_score_rescue_10,2,0.865,0.98,0.30834445,0.115,0.8455102040816327,0.5882467356657168,10.0
0,scratch,random_anneal_10,0,low_score_rescue_10,3,0.885,0.98,0.2842727,0.095,0.844795918367347,0.5901691631743473,10.0
0,scratch,random_anneal_10,0,low_score_rescue_10,4,0.885,0.98,0.2839457,0.095,0.8456122448979592,0.585626088587124,10.0
0,scratch,random_anneal_10,0,random_matched,0,0.9,0.98,0.24033962,0.08,0.8449489795918368,0.5758685372196981,7.405
0,scratch,random_anneal_10,0,random_matched,1,0.885,0.98,0.2601635,0.095,0.8442346938775509,0.5774126876148028,7.405
0,scratch,random_anneal_10,0,random_matched,2,0.89,0.98,0.24671143,0.09,0.8443877551020408,0.5767761202652227,7.405
0,scratch,random_anneal_10,0,random_matched,3,0.91,0.98,0.23422426,0.07,0.8472448979591838,0.5843409831688942,7.405
0,scratch,random_anneal_10,0,random_matched,4,0.895,0.98,0.23182735,0.085,0.8461224489795919,0.5820094300469554,7.405
0,scratch,random_anneal_10,10,student,0,0.865,0.98,0.32339296,0.115,0.8430102040816326,0.531897849378241,0.0
0,scratch,random_anneal_10,10,student,1,0.865,0.98,0.32339296,0.115,0.8430102040816326,0.531897849378241,0.0
0,scratch,random_anneal_10,10,student,2,0.865,0.98,0.32339296,0.115,0.8430102040816326,0.531897849378241,0.0
0,scratch,random_anneal_10,10,student,3,0.865,0.98,0.32339296,0.115,0.8430102040816326,0.531897849378241,0.0
0,scratch,random_anneal_10,10,student,4,0.865,0.98,0.32339296,0.115,0.8430102040816326,0.531897849378241,0.0
0,scratch,random_anneal_10,10,random,0,0.95,0.98,0.07085513,0.03,0.8246938775510205,0.48994748795493875,0.0
0,scratch,random_anneal_10,10,random,1,0.965,0.98,0.06002661,0.02,0.8235204081632653,0.4946262972715817,0.0
0,scratch,random_anneal_10,10,random,2,0.945,0.98,0.086035594,0.035,0.8219387755102041,0.47777470733476307,0.0
0,scratch,random_anneal_10,10,random,3,0.93,0.98,0.11281219,0.05,0.822857142857143,0.4756299304983063,0.0
0,scratch,random_anneal_10,10,random,4,0.945,0.98,0.12285635,0.04,0.8268877551020407,0.5175266882325791,0.0
0,scratch,random_anneal_10,10,random_rescue_10,0,0.88,0.98,0.27278596,0.1,0.8405102040816327,0.529602010454127,10.0
0,scratch,random_anneal_10,10,random_rescue_10,1,0.875,0.98,0.2754162,0.105,0.84,0.5262441527856765,10.0
0,scratch,random_anneal_10,10,random_rescue_10,2,0.92,0.98,0.16422898,0.065,0.8387755102040816,0.5210099791162165,10.0
0,scratch,random_anneal_10,10,random_rescue_10,3,0.885,0.98,0.2396572,0.095,0.8394897959183674,0.527768283219884,10.0
0,scratch,random_anneal_10,10,random_rescue_10,4,0.85,0.98,0.28734607,0.13,0.8396938775510204,0.5231782200681581,10.0
0,scratch,random_anneal_10,10,foreground_rescue_10,0,0.92,0.98,0.16490623,0.06,0.7726530612244897,0.21677475200749796,6.895
0,scratch,random_anneal_10,10,foreground_rescue_10,1,0.92,0.98,0.14733274,0.06,0.7726530612244897,0.21677475200749796,6.895
0,scratch,random_anneal_10,10,foreground_rescue_10,2,0.925,0.98,0.12452249,0.055,0.7726530612244897,0.21677475200749796,6.895
0,scratch,random_anneal_10,10,foreground_rescue_10,3,0.925,0.98,0.14101888,0.055,0.7726530612244897,0.21677475200749796,6.895
0,scratch,random_anneal_10,10,foreground_rescue_10,4,0.925,0.98,0.13823515,0.055,0.7726530612244897,0.21677475200749796,6.895
0,scratch,random_anneal_10,10,low_score_rescue_10,0,0.905,0.98,0.19122933,0.075,0.8389795918367348,0.5275642717598386,10.0
0,scratch,random_anneal_10,10,low_score_rescue_10,1,0.87,0.98,0.2540207,0.11,0.838265306122449,0.5227876089176271,10.0
0,scratch,random_anneal_10,10,low_score_rescue_10,2,0.89,0.98,0.2503745,0.09,0.8391836734693876,0.5222400081614289,10.0
0,scratch,random_anneal_10,10,low_score_rescue_10,3,0.89,0.98,0.22912018,0.09,0.8390306122448979,0.5235943558014963,10.0
0,scratch,random_anneal_10,10,low_score_rescue_10,4,0.9,0.98,0.21391821,0.08,0.8391836734693876,0.5235311983594202,10.0
0,scratch,random_anneal_10,10,random_matched,0,0.905,0.98,0.2035438,0.075,0.8384693877551022,0.5202353030310395,6.895
0,scratch,random_anneal_10,10,random_matched,1,0.885,0.98,0.24832411,0.095,0.836938775510204,0.5185813417500204,6.895
0,scratch,random_anneal_10,10,random_matched,2,0.905,0.98,0.20666635,0.075,0.837908163265306,0.5161849803378467,6.895
0,scratch,random_anneal_10,10,random_matched,3,0.895,0.98,0.25903383,0.085,0.8386734693877551,0.5167217738889868,6.895
0,scratch,random_anneal_10,10,random_matched,4,0.9,0.98,0.19890249,0.08,0.840204081632653,0.5255348360702808,6.895
0,scratch,random_anneal_10,25,student,0,0.91,0.98,0.20797291,0.07,0.8277551020408163,0.5059120100377729,0.0
0,scratch,random_anneal_10,25,student,1,0.91,0.98,0.20797291,0.07,0.8277551020408163,0.5059120100377729,0.0
0,scratch,random_anneal_10,25,student,2,0.91,0.98,0.20797291,0.07,0.8277551020408163,0.5059120100377729,0.0
0,scratch,random_anneal_10,25,student,3,0.91,0.98,0.20797291,0.07,0.8277551020408163,0.5059120100377729,0.0
0,scratch,random_anneal_10,25,student,4,0.91,0.98,0.20797291,0.07,0.8277551020408163,0.5059120100377729,0.0
0,scratch,random_anneal_10,25,random,0,0.95,0.98,0.07085513,0.03,0.8246938775510205,0.48994748795493875,0.0
0,scratch,random_anneal_10,25,random,1,0.965,0.98,0.06002661,0.02,0.8235204081632653,0.4946262972715817,0.0
0,scratch,random_anneal_10,25,random,2,0.945,0.98,0.086035594,0.035,0.8219387755102041,0.47777470733476307,0.0
0,scratch,random_anneal_10,25,random,3,0.93,0.98,0.11281219,0.05,0.822857142857143,0.4756299304983063,0.0
0,scratch,random_anneal_10,25,random,4,0.945,0.98,0.12285635,0.04,0.8268877551020407,0.5175266882325791,0.0
0,scratch,random_anneal_10,25,random_rescue_10,0,0.905,0.98,0.1996703,0.075,0.8266326530612244,0.5066860124191418,10.0
0,scratch,random_anneal_10,25,random_rescue_10,1,0.92,0.98,0.1379391,0.065,0.8264285714285714,0.5011044178286487,10.0
0,scratch,random_anneal_10,25,random_rescue_10,2,0.93,0.98,0.121569194,0.05,0.8266326530612244,0.5045595173094066,10.0
0,scratch,random_anneal_10,25,random_rescue_10,3,0.93,0.98,0.16447634,0.05,0.8266326530612244,0.5084437591851618,10.0
0,scratch,random_anneal_10,25,random_rescue_10,4,0.93,0.98,0.12636922,0.055,0.8267857142857141,0.49799722256114226,10.0
0,scratch,random_anneal_10,25,foreground_rescue_10,0,0.94,0.98,0.11783771,0.045,0.7578571428571428,0.1870472772678386,6.85
0,scratch,random_anneal_10,25,foreground_rescue_10,1,0.94,0.98,0.12274614,0.045,0.7578571428571428,0.1870472772678386,6.85
0,scratch,random_anneal_10,25,foreground_rescue_10,2,0.95,0.98,0.11447859,0.035,0.7578571428571428,0.1870472772678386,6.85
0,scratch,random_anneal_10,25,foreground_rescue_10,3,0.945,0.98,0.12338808,0.04,0.7578571428571428,0.1870472772678386,6.85
0,scratch,random_anneal_10,25,foreground_rescue_10,4,0.945,0.98,0.11837831,0.04,0.7578571428571428,0.1870472772678386,6.85
0,scratch,random_anneal_10,25,low_score_rescue_10,0,0.92,0.98,0.17389458,0.065,0.8228571428571427,0.48891896873415763,10.0
0,scratch,random_anneal_10,25,low_score_rescue_10,1,0.935,0.98,0.14263971,0.05,0.8241326530612245,0.48917354405465246,10.0
0,scratch,random_anneal_10,25,low_score_rescue_10,2,0.93,0.98,0.16583195,0.055,0.8246938775510203,0.49076543137447987,10.0
0,scratch,random_anneal_10,25,low_score_rescue_10,3,0.93,0.98,0.16663356,0.055,0.825204081632653,0.4891203114754386,10.0
0,scratch,random_anneal_10,25,low_score_rescue_10,4,0.93,0.98,0.15943165,0.05,0.8223979591836735,0.48540090544560655,10.0
0,scratch,random_anneal_10,25,random_matched,0,0.925,0.98,0.1680108,0.06,0.8251020408163265,0.491685875093366,6.85
0,scratch,random_anneal_10,25,random_matched,1,0.925,0.98,0.15236884,0.055,0.8245918367346939,0.49469703877683974,6.85
0,scratch,random_anneal_10,25,random_matched,2,0.925,0.98,0.1542622,0.055,0.824795918367347,0.4962693458672347,6.85
0,scratch,random_anneal_10,25,random_matched,3,0.92,0.98,0.15650779,0.06,0.8259183673469388,0.49682426027822485,6.85
0,scratch,random_anneal_10,25,random_matched,4,0.935,0.98,0.13938753,0.045,0.8254081632653062,0.49903401617972665,6.85
0,scratch,random_anneal_10,50,student,0,0.915,0.98,0.18920979,0.065,0.829234693877551,0.5008925424865431,0.0
0,scratch,random_anneal_10,50,student,1,0.915,0.98,0.18920979,0.065,0.829234693877551,0.5008925424865431,0.0
0,scratch,random_anneal_10,50,student,2,0.915,0.98,0.18920979,0.065,0.829234693877551,0.5008925424865431,0.0
0,scratch,random_anneal_10,50,student,3,0.915,0.98,0.18920979,0.065,0.829234693877551,0.5008925424865431,0.0
0,scratch,random_anneal_10,50,student,4,0.915,0.98,0.18920979,0.065,0.829234693877551,0.5008925424865431,0.0
0,scratch,random_anneal_10,50,random,0,0.95,0.98,0.07085513,0.03,0.8246938775510205,0.48994748795493875,0.0
0,scratch,random_anneal_10,50,random,1,0.965,0.98,0.06002661,0.02,0.8235204081632653,0.4946262972715817,0.0
0,scratch,random_anneal_10,50,random,2,0.945,0.98,0.086035594,0.035,0.8219387755102041,0.47777470733476307,0.0
0,scratch,random_anneal_10,50,random,3,0.93,0.98,0.11281219,0.05,0.822857142857143,0.4756299304983063,0.0
0,scratch,random_anneal_10,50,random,4,0.945,0.98,0.12285635,0.04,0.8268877551020407,0.5175266882325791,0.0
0,scratch,random_anneal_10,50,random_rescue_10,0,0.92,0.98,0.11512725,0.06,0.829387755102041,0.49599235399821273,10.0
0,scratch,random_anneal_10,50,random_rescue_10,1,0.935,0.98,0.10133921,0.045,0.830204081632653,0.5020558017934859,10.0
0,scratch,random_anneal_10,50,random_rescue_10,2,0.94,0.98,0.11558359,0.04,0.8273469387755101,0.4940956863838974,10.0
0,scratch,random_anneal_10,50,random_rescue_10,3,0.92,0.98,0.13259512,0.06,0.8263265306122449,0.4981001810283897,10.0
0,scratch,random_anneal_10,50,random_rescue_10,4,0.925,0.98,0.136447,0.055,0.8289795918367346,0.507000077568615,10.0
0,scratch,random_anneal_10,50,foreground_rescue_10,0,0.94,0.98,0.12144062,0.04,0.7588265306122449,0.18585618082072683,6.9
0,scratch,random_anneal_10,50,foreground_rescue_10,1,0.94,0.98,0.10321188,0.04,0.7588265306122449,0.18585618082072683,6.9
0,scratch,random_anneal_10,50,foreground_rescue_10,2,0.94,0.98,0.11326184,0.04,0.7588265306122449,0.18585618082072683,6.9
0,scratch,random_anneal_10,50,foreground_rescue_10,3,0.935,0.98,0.11965332,0.045,0.7588265306122449,0.18585618082072683,6.9
0,scratch,random_anneal_10,50,foreground_rescue_10,4,0.94,0.98,0.1107005,0.04,0.7588265306122449,0.18585618082072683,6.9
0,scratch,random_anneal_10,50,low_score_rescue_10,0,0.925,0.98,0.19326428,0.055,0.8244387755102042,0.4811225338318054,10.0
0,scratch,random_anneal_10,50,low_score_rescue_10,1,0.915,0.98,0.20091778,0.065,0.8256632653061224,0.48927819391267097,10.0
0,scratch,random_anneal_10,50,low_score_rescue_10,2,0.92,0.98,0.16955702,0.06,0.8265306122448979,0.48813323116307117,10.0
0,scratch,random_anneal_10,50,low_score_rescue_10,3,0.915,0.98,0.18671696,0.065,0.8246428571428572,0.47746399292272246,10.0
0,scratch,random_anneal_10,50,low_score_rescue_10,4,0.905,0.98,0.22568648,0.075,0.8254081632653062,0.48299979819791805,10.0
0,scratch,random_anneal_10,50,random_matched,0,0.925,0.98,0.13715567,0.055,0.8271938775510205,0.48866207634265313,6.9
0,scratch,random_anneal_10,50,random_matched,1,0.91,0.98,0.17733075,0.07,0.8258673469387756,0.4888038843238573,6.9
0,scratch,random_anneal_10,50,random_matched,2,0.915,0.98,0.18089372,0.065,0.8262755102040816,0.4963349093122544,6.9
0,scratch,random_anneal_10,50,random_matched,3,0.91,0.98,0.17093761,0.07,0.8269897959183673,0.4976777375178002,6.9
0,scratch,random_anneal_10,50,random_matched,4,0.925,0.98,0.13133697,0.055,0.8284693877551019,0.4986799999699017,6.9
0,scratch,random_anneal_10,75,student,0,0.91,0.98,0.23850529,0.075,0.8162755102040816,0.47764681057742625,0.0
0,scratch,random_anneal_10,75,student,1,0.91,0.98,0.23850529,0.075,0.8162755102040816,0.47764681057742625,0.0
0,scratch,random_anneal_10,75,student,2,0.91,0.98,0.23850529,0.075,0.8162755102040816,0.47764681057742625,0.0
0,scratch,random_anneal_10,75,student,3,0.91,0.98,0.23850529,0.075,0.8162755102040816,0.47764681057742625,0.0
0,scratch,random_anneal_10,75,student,4,0.91,0.98,0.23850529,0.075,0.8162755102040816,0.47764681057742625,0.0
0,scratch,random_anneal_10,75,random,0,0.95,0.98,0.07085513,0.03,0.8246938775510205,0.48994748795493875,0.0
0,scratch,random_anneal_10,75,random,1,0.965,0.98,0.06002661,0.02,0.8235204081632653,0.4946262972715817,0.0
0,scratch,random_anneal_10,75,random,2,0.945,0.98,0.086035594,0.035,0.8219387755102041,0.47777470733476307,0.0
0,scratch,random_anneal_10,75,random,3,0.93,0.98,0.11281219,0.05,0.822857142857143,0.4756299304983063,0.0
0,scratch,random_anneal_10,75,random,4,0.945,0.98,0.12285635,0.04,0.8268877551020407,0.5175266882325791,0.0
0,scratch,random_anneal_10,75,random_rescue_10,0,0.915,0.98,0.19761275,0.07,0.8176530612244898,0.4778069022454618,10.0
0,scratch,random_anneal_10,75,random_rescue_10,1,0.91,0.98,0.1874723,0.075,0.8180102040816327,0.4904641340299631,10.0
0,scratch,random_anneal_10,75,random_rescue_10,2,0.93,0.98,0.14863355,0.055,0.8184183673469388,0.47925978419951865,10.0
0,scratch,random_anneal_10,75,random_rescue_10,3,0.925,0.98,0.18422821,0.06,0.8162244897959183,0.4804462490246295,10.0
0,scratch,random_anneal_10,75,random_rescue_10,4,0.915,0.98,0.19472001,0.07,0.8195918367346938,0.4791725161624641,10.0
0,scratch,random_anneal_10,75,foreground_rescue_10,0,0.94,0.98,0.13528226,0.045,0.7461734693877551,0.15823072712487815,6.87
0,scratch,random_anneal_10,75,foreground_rescue_10,1,0.935,0.98,0.116950944,0.05,0.7461734693877551,0.15823072712487815,6.87
0,scratch,random_anneal_10,75,foreground_rescue_10,2,0.945,0.98,0.1258277,0.04,0.7461734693877551,0.15823072712487815,6.87
0,scratch,random_anneal_10,75,foreground_rescue_10,3,0.945,0.98,0.11285719,0.04,0.7461734693877551,0.15823072712487815,6.87
0,scratch,random_anneal_10,75,foreground_rescue_10,4,0.935,0.98,0.1328257,0.05,0.7461734693877551,0.15823072712487815,6.87
0,scratch,random_anneal_10,75,low_score_rescue_10,0,0.91,0.98,0.1961651,0.075,0.8142857142857143,0.46840981123207154,10.0
0,scratch,random_anneal_10,75,low_score_rescue_10,1,0.92,0.98,0.16374664,0.065,0.8156122448979591,0.4678153356279576,10.0
0,scratch,random_anneal_10,75,low_score_rescue_10,2,0.92,0.98,0.13867395,0.065,0.8146428571428572,0.463018909027452,10.0
0,scratch,random_anneal_10,75,low_score_rescue_10,3,0.94,0.98,0.13788794,0.05,0.8147448979591836,0.47110007619467426,10.0
0,scratch,random_anneal_10,75,low_score_rescue_10,4,0.925,0.98,0.16880852,0.06,0.8139285714285713,0.46792356299039,10.0
0,scratch,random_anneal_10,75,random_matched,0,0.915,0.98,0.2063945,0.07,0.8168877551020408,0.4750870051593966,6.87
0,scratch,random_anneal_10,75,random_matched,1,0.925,0.98,0.21653728,0.06,0.8153571428571428,0.46760450789374414,6.87
0,scratch,random_anneal_10,75,random_matched,2,0.94,0.98,0.17892116,0.045,0.8168877551020407,0.47484790185659215,6.87
0,scratch,random_anneal_10,75,random_matched,3,0.915,0.98,0.20845383,0.07,0.8155612244897958,0.4716035224129713,6.87
0,scratch,random_anneal_10,75,random_matched,4,0.92,0.98,0.2079021,0.065,0.8169897959183675,0.4745404137748747,6.87
0,scratch,random_anneal_10,100,student,0,0.905,0.98,0.2368929,0.08,0.8205612244897957,0.49538448226336024,0.0
0,scratch,random_anneal_10,100,student,1,0.905,0.98,0.2368929,0.08,0.8205612244897957,0.49538448226336024,0.0
0,scratch,random_anneal_10,100,student,2,0.905,0.98,0.2368929,0.08,0.8205612244897957,0.49538448226336024,0.0
0,scratch,random_anneal_10,100,student,3,0.905,0.98,0.2368929,0.08,0.8205612244897957,0.49538448226336024,0.0
0,scratch,random_anneal_10,100,student,4,0.905,0.98,0.2368929,0.08,0.8205612244897957,0.49538448226336024,0.0
0,scratch,random_anneal_10,100,random,0,0.95,0.98,0.07085513,0.03,0.8246938775510205,0.48994748795493875,0.0
0,scratch,random_anneal_10,100,random,1,0.965,0.98,0.06002661,0.02,0.8235204081632653,0.4946262972715817,0.0
0,scratch,random_anneal_10,100,random,2,0.945,0.98,0.086035594,0.035,0.8219387755102041,0.47777470733476307,0.0
0,scratch,random_anneal_10,100,random,3,0.93,0.98,0.11281219,0.05,0.822857142857143,0.4756299304983063,0.0
0,scratch,random_anneal_10,100,random,4,0.945,0.98,0.12285635,0.04,0.8268877551020407,0.5175266882325791,0.0
0,scratch,random_anneal_10,100,random_rescue_10,0,0.9,0.98,0.17141378,0.08,0.8213265306122449,0.49246437764008705,10.0
0,scratch,random_anneal_10,100,random_rescue_10,1,0.905,0.98,0.19131488,0.075,0.8208673469387756,0.4788236603287678,10.0
0,scratch,random_anneal_10,100,random_rescue_10,2,0.925,0.98,0.14576048,0.06,0.8231122448979591,0.506090457633388,10.0
0,scratch,random_anneal_10,100,random_rescue_10,3,0.915,0.98,0.18829136,0.07,0.8213775510204081,0.4979099617374262,10.0
0,scratch,random_anneal_10,100,random_rescue_10,4,0.92,0.98,0.1815849,0.06,0.8220408163265306,0.5029049137505474,10.0
0,scratch,random_anneal_10,100,foreground_rescue_10,0,0.935,0.98,0.1310339,0.05,0.7491836734693877,0.1620251573574115,6.995
0,scratch,random_anneal_10,100,foreground_rescue_10,1,0.94,0.98,0.11702139,0.045,0.7491836734693877,0.1620251573574115,6.995
0,scratch,random_anneal_10,100,foreground_rescue_10,2,0.94,0.98,0.1056677,0.045,0.7491836734693877,0.1620251573574115,6.995
0,scratch,random_anneal_10,100,foreground_rescue_10,3,0.94,0.98,0.11136873,0.045,0.7491836734693877,0.1620251573574115,6.995
0,scratch,random_anneal_10,100,foreground_rescue_10,4,0.94,0.98,0.106917456,0.045,0.7491836734693877,0.1620251573574115,6.995
0,scratch,random_anneal_10,100,low_score_rescue_10,0,0.93,0.98,0.18146095,0.055,0.8193877551020408,0.4871537071440827,10.0
0,scratch,random_anneal_10,100,low_score_rescue_10,1,0.955,0.98,0.09532812,0.03,0.8189795918367346,0.4817317186637918,10.0
0,scratch,random_anneal_10,100,low_score_rescue_10,2,0.92,0.98,0.15279403,0.06,0.8198469387755103,0.4785111059305677,10.0
0,scratch,random_anneal_10,100,low_score_rescue_10,3,0.92,0.98,0.17518906,0.06,0.8191836734693877,0.47638992380461115,10.0
0,scratch,random_anneal_10,100,low_score_rescue_10,4,0.91,0.98,0.16538742,0.07,0.8180612244897958,0.47831342089183004,10.0
0,scratch,random_anneal_10,100,random_matched,0,0.91,0.98,0.185028,0.075,0.8215816326530613,0.48932267408480673,6.995
0,scratch,random_anneal_10,100,random_matched,1,0.92,0.98,0.19014378,0.065,0.8211734693877552,0.49491553693560875,6.995
0,scratch,random_anneal_10,100,random_matched,2,0.91,0.98,0.20643811,0.075,0.8193877551020406,0.4887183574911147,6.995
0,scratch,random_anneal_10,100,random_matched,3,0.91,0.98,0.17990097,0.075,0.8205612244897961,0.4927953297921116,6.995
0,scratch,random_anneal_10,100,random_matched,4,0.905,0.98,0.24381252,0.08,0.8211734693877552,0.4927887988324987,6.995
0,scratch,student,0,student,0,0.875,0.98,0.3295332,0.105,0.850561224489796,0.5981794121635886,0.0
0,scratch,student,0,student,1,0.875,0.98,0.3295332,0.105,0.850561224489796,0.5981794121635886,0.0
0,scratch,student,0,student,2,0.875,0.98,0.3295332,0.105,0.850561224489796,0.5981794121635886,0.0
0,scratch,student,0,student,3,0.875,0.98,0.3295332,0.105,0.850561224489796,0.5981794121635886,0.0
0,scratch,student,0,student,4,0.875,0.98,0.3295332,0.105,0.850561224489796,0.5981794121635886,0.0
0,scratch,student,0,random,0,0.95,0.98,0.07085513,0.03,0.8246938775510205,0.48994748795493875,0.0
0,scratch,student,0,random,1,0.965,0.98,0.06002661,0.02,0.8235204081632653,0.4946262972715817,0.0
0,scratch,student,0,random,2,0.945,0.98,0.086035594,0.035,0.8219387755102041,0.47777470733476307,0.0
0,scratch,student,0,random,3,0.93,0.98,0.11281219,0.05,0.822857142857143,0.4756299304983063,0.0
0,scratch,student,0,random,4,0.945,0.98,0.12285635,0.04,0.8268877551020407,0.5175266882325791,0.0
0,scratch,student,0,random_rescue_10,0,0.895,0.98,0.20119835,0.085,0.8451530612244897,0.5638985049597482,10.0
0,scratch,student,0,random_rescue_10,1,0.87,0.98,0.2869938,0.11,0.8446428571428573,0.5759229810069456,10.0
0,scratch,student,0,random_rescue_10,2,0.905,0.98,0.23440336,0.075,0.846887755102041,0.5871443738245714,10.0
0,scratch,student,0,random_rescue_10,3,0.88,0.98,0.26195306,0.1,0.845,0.5784158401279986,10.0
0,scratch,student,0,random_rescue_10,4,0.88,0.98,0.28184977,0.1,0.8460204081632652,0.5803594066019169,10.0
0,scratch,student,0,foreground_rescue_10,0,0.925,0.98,0.12588541,0.055,0.775,0.23701169783036988,7.405
0,scratch,student,0,foreground_rescue_10,1,0.94,0.98,0.08395754,0.04,0.775,0.23701169783036988,7.405
0,scratch,student,0,foreground_rescue_10,2,0.96,0.98,0.06074478,0.02,0.775,0.23701169783036988,7.405
0,scratch,student,0,foreground_rescue_10,3,0.94,0.98,0.0930003,0.04,0.775,0.23701169783036988,7.405
0,scratch,student,0,foreground_rescue_10,4,0.965,0.98,0.049069263,0.015,0.775,0.23701169783036988,7.405
0,scratch,student,0,low_score_rescue_10,0,0.88,0.98,0.27229047,0.1,0.844795918367347,0.5859170772430334,10.0
0,scratch,student,0,low_score_rescue_10,1,0.865,0.98,0.30525488,0.115,0.8471428571428572,0.5853980915056881,10.0
0,scratch,student,0,low_score_rescue_10,2,0.865,0.98,0.30834445,0.115,0.8455102040816327,0.5882467356657168,10.0
0,scratch,student,0,low_score_rescue_10,3,0.885,0.98,0.2842727,0.095,0.844795918367347,0.5901691631743473,10.0
0,scratch,student,0,low_score_rescue_10,4,0.885,0.98,0.2839457,0.095,0.8456122448979592,0.585626088587124,10.0
0,scratch,student,0,random_matched,0,0.9,0.98,0.24033962,0.08,0.8449489795918368,0.5758685372196981,7.405
0,scratch,student,0,random_matched,1,0.885,0.98,0.2601635,0.095,0.8442346938775509,0.5774126876148028,7.405
0,scratch,student,0,random_matched,2,0.89,0.98,0.24671143,0.09,0.8443877551020408,0.5767761202652227,7.405
0,scratch,student,0,random_matched,3,0.91,0.98,0.23422426,0.07,0.8472448979591838,0.5843409831688942,7.405
0,scratch,student,0,random_matched,4,0.895,0.98,0.23182735,0.085,0.8461224489795919,0.5820094300469554,7.405
0,scratch,student,10,student,0,0.875,0.98,0.24826713,0.105,0.8229081632653061,0.49104232563855293,0.0
0,scratch,student,10,student,1,0.875,0.98,0.24826713,0.105,0.8229081632653061,0.49104232563855293,0.0
0,scratch,student,10,student,2,0.875,0.98,0.24826713,0.105,0.8229081632653061,0.49104232563855293,0.0
0,scratch,student,10,student,3,0.875,0.98,0.24826713,0.105,0.8229081632653061,0.49104232563855293,0.0
0,scratch,student,10,student,4,0.875,0.98,0.24826713,0.105,0.8229081632653061,0.49104232563855293,0.0
0,scratch,student,10,random,0,0.95,0.98,0.07085513,0.03,0.8246938775510205,0.48994748795493875,0.0
0,scratch,student,10,random,1,0.965,0.98,0.06002661,0.02,0.8235204081632653,0.4946262972715817,0.0
0,scratch,student,10,random,2,0.945,0.98,0.086035594,0.035,0.8219387755102041,0.47777470733476307,0.0
0,scratch,student,10,random,3,0.93,0.98,0.11281219,0.05,0.822857142857143,0.4756299304983063,0.0
0,scratch,student,10,random,4,0.945,0.98,0.12285635,0.04,0.8268877551020407,0.5175266882325791,0.0
0,scratch,student,10,random_rescue_10,0,0.885,0.98,0.24593566,0.095,0.8229591836734693,0.5001284003613222,10.0
0,scratch,student,10,random_rescue_10,1,0.89,0.98,0.25305602,0.095,0.8225510204081633,0.48968822727650246,10.0
0,scratch,student,10,random_rescue_10,2,0.9,0.98,0.23063448,0.08,0.8229081632653061,0.48610156233251556,10.0
0,scratch,student,10,random_rescue_10,3,0.905,0.98,0.24510321,0.075,0.8236734693877551,0.48574322995612546,10.0
0,scratch,student,10,random_rescue_10,4,0.905,0.98,0.19223855,0.075,0.8227551020408163,0.49062246847121227,10.0
0,scratch,student,10,foreground_rescue_10,0,0.945,0.98,0.073882915,0.035,0.7540816326530612,0.18327390068846178,6.745
0,scratch,student,10,foreground_rescue_10,1,0.93,0.98,0.119889505,0.05,0.7540816326530612,0.18327390068846178,6.745
0,scratch,student,10,foreground_rescue_10,2,0.94,0.98,0.09207004,0.04,0.7540816326530612,0.18327390068846178,6.745
0,scratch,student,10,foreground_rescue_10,3,0.945,0.98,0.0776161,0.035,0.7540816326530612,0.18327390068846178,6.745
0,scratch,student,10,foreground_rescue_10,4,0.935,0.98,0.09259775,0.045,0.7540816326530612,0.18327390068846178,6.745
0,scratch,student,10,low_score_rescue_10,0,0.91,0.98,0.18025444,0.07,0.8178571428571427,0.4718107847347807,10.0
0,scratch,student,10,low_score_rescue_10,1,0.89,0.98,0.21985523,0.09,0.8187244897959184,0.4789228134420938,10.0
0,scratch,student,10,low_score_rescue_10,2,0.9,0.98,0.216019,0.08,0.8187755102040817,0.4767761339245737,10.0
0,scratch,student,10,low_score_rescue_10,3,0.885,0.98,0.21796533,0.095,0.8194387755102042,0.47354980644643113,10.0
0,scratch,student,10,low_score_rescue_10,4,0.91,0.98,0.20253755,0.07,0.8195408163265305,0.47831721220320084,10.0
0,scratch,student,10,random_matched,0,0.89,0.98,0.21302582,0.09,0.8206122448979591,0.4759646250796186,6.745
0,scratch,student,10,random_matched,1,0.9,0.98,0.1980455,0.08,0.8208673469387756,0.4810073635828574,6.745
0,scratch,student,10,random_matched,2,0.89,0.98,0.21416023,0.09,0.8203061224489795,0.48294951256340785,6.745
0,scratch,student,10,random_matched,3,0.88,0.98,0.23284607,0.1,0.8221428571428571,0.48599972223082644,6.745
0,scratch,student,10,random_matched,4,0.885,0.98,0.20809944,0.095,0.8207653061224489,0.4793817028251293,6.745
0,scratch,student,25,student,0,0.855,0.98,0.32686675,0.125,0.8257653061224491,0.5185421298498762,0.0
0,scratch,student,25,student,1,0.855,0.98,0.32686675,0.125,0.8257653061224491,0.5185421298498762,0.0
0,scratch,student,25,student,2,0.855,0.98,0.32686675,0.125,0.8257653061224491,0.5185421298498762,0.0
0,scratch,student,25,student,3,0.855,0.98,0.32686675,0.125,0.8257653061224491,0.5185421298498762,0.0
0,scratch,student,25,student,4,0.855,0.98,0.32686675,0.125,0.8257653061224491,0.5185421298498762,0.0
0,scratch,student,25,random,0,0.95,0.98,0.07085513,0.03,0.8246938775510205,0.48994748795493875,0.0
0,scratch,student,25,random,1,0.965,0.98,0.06002661,0.02,0.8235204081632653,0.4946262972715817,0.0
0,scratch,student,25,random,2,0.945,0.98,0.086035594,0.035,0.8219387755102041,0.47777470733476307,0.0
0,scratch,student,25,random,3,0.93,0.98,0.11281219,0.05,0.822857142857143,0.4756299304983063,0.0
0,scratch,student,25,random,4,0.945,0.98,0.12285635,0.04,0.8268877551020407,0.5175266882325791,0.0
0,scratch,student,25,random_rescue_10,0,0.89,0.98,0.27892122,0.09,0.8258673469387756,0.5183483043496842,10.0
0,scratch,student,25,random_rescue_10,1,0.895,0.98,0.25828466,0.085,0.8243367346938776,0.5136318282397941,10.0
0,scratch,student,25,random_rescue_10,2,0.89,0.98,0.2324789,0.09,0.8258163265306123,0.5173139058317868,10.0
0,scratch,student,25,random_rescue_10,3,0.9,0.98,0.23931183,0.08,0.8260204081632654,0.5104478745211098,10.0
0,scratch,student,25,random_rescue_10,4,0.885,0.98,0.26931804,0.095,0.8261734693877549,0.5231632848805576,10.0
0,scratch,student,25,foreground_rescue_10,0,0.93,0.98,0.13693787,0.055,0.7552551020408164,0.1896135044853898,6.91
0,scratch,student,25,foreground_rescue_10,1,0.92,0.98,0.13678753,0.065,0.7552551020408164,0.1896135044853898,6.91
0,scratch,student,25,foreground_rescue_10,2,0.915,0.98,0.15924469,0.07,0.7552551020408164,0.1896135044853898,6.91
0,scratch,student,25,foreground_rescue_10,3,0.925,0.98,0.13595198,0.06,0.7552551020408164,0.1896135044853898,6.91
0,scratch,student,25,foreground_rescue_10,4,0.935,0.98,0.14315575,0.05,0.7552551020408164,0.1896135044853898,6.91
0,scratch,student,25,low_score_rescue_10,0,0.89,0.98,0.24734505,0.09,0.8233673469387756,0.5126916925816775,10.0
0,scratch,student,25,low_score_rescue_10,1,0.9,0.98,0.21532665,0.08,0.8239795918367346,0.507528907265929,10.0
0,scratch,student,25,low_score_rescue_10,2,0.91,0.98,0.16431,0.07,0.824795918367347,0.5066639639348574,10.0
0,scratch,student,25,low_score_rescue_10,3,0.89,0.98,0.23735923,0.09,0.8237755102040816,0.5119815345220646,10.0
0,scratch,student,25,low_score_rescue_10,4,0.895,0.98,0.18548523,0.085,0.8245408163265308,0.5145700267864617,10.0
0,scratch,student,25,random_matched,0,0.88,0.98,0.2527245,0.1,0.8235714285714286,0.5059003382418061,6.91
0,scratch,student,25,random_matched,1,0.88,0.98,0.29524696,0.1,0.8233163265306122,0.5054283361452667,6.91
0,scratch,student,25,random_matched,2,0.9,0.98,0.21003033,0.08,0.8231632653061226,0.5061133370694927,6.91
0,scratch,student,25,random_matched,3,0.89,0.98,0.24205871,0.09,0.8229591836734693,0.5091674938574225,6.91
0,scratch,student,25,random_matched,4,0.89,0.98,0.25819433,0.09,0.8246428571428572,0.5087212285267001,6.91
0,scratch,student,50,student,0,0.91,0.98,0.18574047,0.07,0.8140306122448979,0.4569634258315652,0.0
0,scratch,student,50,student,1,0.91,0.98,0.18574047,0.07,0.8140306122448979,0.4569634258315652,0.0
0,scratch,student,50,student,2,0.91,0.98,0.18574047,0.07,0.8140306122448979,0.4569634258315652,0.0
0,scratch,student,50,student,3,0.91,0.98,0.18574047,0.07,0.8140306122448979,0.4569634258315652,0.0
0,scratch,student,50,student,4,0.91,0.98,0.18574047,0.07,0.8140306122448979,0.4569634258315652,0.0
0,scratch,student,50,random,0,0.95,0.98,0.07085513,0.03,0.8246938775510205,0.48994748795493875,0.0
0,scratch,student,50,random,1,0.965,0.98,0.06002661,0.02,0.8235204081632653,0.4946262972715817,0.0
0,scratch,student,50,random,2,0.945,0.98,0.086035594,0.035,0.8219387755102041,0.47777470733476307,0.0
0,scratch,student,50,random,3,0.93,0.98,0.11281219,0.05,0.822857142857143,0.4756299304983063,0.0
0,scratch,student,50,random,4,0.945,0.98,0.12285635,0.04,0.8268877551020407,0.5175266882325791,0.0
0,scratch,student,50,random_rescue_10,0,0.905,0.98,0.1830405,0.075,0.8146938775510205,0.46010366737212544,10.0
0,scratch,student,50,random_rescue_10,1,0.91,0.98,0.1507297,0.07,0.8164285714285714,0.4618028583692761,10.0
0,scratch,student,50,random_rescue_10,2,0.905,0.98,0.20589997,0.075,0.8165306122448979,0.47050690473053364,10.0
0,scratch,student,50,random_rescue_10,3,0.92,0.98,0.13175108,0.06,0.8168877551020409,0.47400559560517014,10.0
0,scratch,student,50,random_rescue_10,4,0.945,0.98,0.098012656,0.035,0.8169387755102041,0.4612526162568574,10.0
0,scratch,student,50,foreground_rescue_10,0,0.935,0.98,0.11235006,0.045,0.7443877551020409,0.15547003367274514,6.825
0,scratch,student,50,foreground_rescue_10,1,0.93,0.98,0.11546276,0.05,0.7443877551020409,0.15547003367274514,6.825
0,scratch,student,50,foreground_rescue_10,2,0.93,0.98,0.12246147,0.05,0.7443877551020409,0.15547003367274514,6.825
0,scratch,student,50,foreground_rescue_10,3,0.93,0.98,0.11468026,0.05,0.7443877551020409,0.15547003367274514,6.825
0,scratch,student,50,foreground_rescue_10,4,0.935,0.98,0.11150711,0.045,0.7443877551020409,0.15547003367274514,6.825
0,scratch,student,50,low_score_rescue_10,0,0.935,0.98,0.12840953,0.045,0.8120408163265306,0.44311370853410315,10.0
0,scratch,student,50,low_score_rescue_10,1,0.94,0.98,0.11091461,0.04,0.8125,0.448337680966918,10.0
0,scratch,student,50,low_score_rescue_10,2,0.93,0.98,0.12736034,0.05,0.8125510204081633,0.44182860622116316,10.0
0,scratch,student,50,low_score_rescue_10,3,0.925,0.98,0.17706054,0.055,0.8116836734693876,0.4446721329102403,10.0
0,scratch,student,50,low_score_rescue_10,4,0.92,0.98,0.16610914,0.06,0.8125510204081633,0.4512174443071475,10.0
0,scratch,student,50,random_matched,0,0.91,0.98,0.18067394,0.07,0.8151020408163265,0.45730638207169483,6.825
0,scratch,student,50,random_matched,1,0.905,0.98,0.18536954,0.075,0.815204081632653,0.46056970802425584,6.825
0,scratch,student,50,random_matched,2,0.915,0.98,0.15476705,0.065,0.815204081632653,0.4579935909180968,6.825
0,scratch,student,50,random_matched,3,0.9,0.98,0.18134831,0.08,0.8150510204081632,0.4562089560439707,6.825
0,scratch,student,50,random_matched,4,0.92,0.98,0.13099913,0.06,0.8156122448979591,0.45884359142188996,6.825
0,scratch,student,75,student,0,0.9,0.98,0.2542893,0.08,0.8230612244897959,0.4975806249296574,0.0
0,scratch,student,75,student,1,0.9,0.98,0.2542893,0.08,0.8230612244897959,0.4975806249296574,0.0
0,scratch,student,75,student,2,0.9,0.98,0.2542893,0.08,0.8230612244897959,0.4975806249296574,0.0
0,scratch,student,75,student,3,0.9,0.98,0.2542893,0.08,0.8230612244897959,0.4975806249296574,0.0
0,scratch,student,75,student,4,0.9,0.98,0.2542893,0.08,0.8230612244897959,0.4975806249296574,0.0
0,scratch,student,75,random,0,0.95,0.98,0.07085513,0.03,0.8246938775510205,0.48994748795493875,0.0
0,scratch,student,75,random,1,0.965,0.98,0.06002661,0.02,0.8235204081632653,0.4946262972715817,0.0
0,scratch,student,75,random,2,0.945,0.98,0.086035594,0.035,0.8219387755102041,0.47777470733476307,0.0
0,scratch,student,75,random,3,0.93,0.98,0.11281219,0.05,0.822857142857143,0.4756299304983063,0.0
0,scratch,student,75,random,4,0.945,0.98,0.12285635,0.04,0.8268877551020407,0.5175266882325791,0.0
0,scratch,student,75,random_rescue_10,0,0.91,0.98,0.21526508,0.07,0.825,0.5051859077224002,10.0
0,scratch,student,75,random_rescue_10,1,0.92,0.98,0.18207997,0.06,0.8230612244897958,0.49602852207215636,10.0
0,scratch,student,75,random_rescue_10,2,0.91,0.98,0.20400542,0.07,0.8228061224489795,0.4968400098271018,10.0
0,scratch,student,75,random_rescue_10,3,0.91,0.98,0.23435885,0.07,0.8219897959183675,0.493021150568343,10.0
0,scratch,student,75,random_rescue_10,4,0.915,0.98,0.22154576,0.065,0.8242857142857143,0.5009510528332395,10.0
0,scratch,student,75,foreground_rescue_10,0,0.92,0.98,0.13679925,0.06,0.7513265306122449,0.17439036578872574,7.03
0,scratch,student,75,foreground_rescue_10,1,0.935,0.98,0.12340586,0.045,0.7513265306122449,0.17439036578872574,7.03
0,scratch,student,75,foreground_rescue_10,2,0.935,0.98,0.1324948,0.045,0.7513265306122449,0.17439036578872574,7.03
0,scratch,student,75,foreground_rescue_10,3,0.94,0.98,0.1231399,0.04,0.7513265306122449,0.17439036578872574,7.03
0,scratch,student,75,foreground_rescue_10,4,0.935,0.98,0.12465169,0.045,0.7513265306122449,0.17439036578872574,7.03
0,scratch,student,75,low_score_rescue_10,0,0.905,0.98,0.19611727,0.075,0.8198979591836735,0.49035806610754246,10.0
0,scratch,student,75,low_score_rescue_10,1,0.93,0.98,0.14870499,0.05,0.8204591836734694,0.46990343509424465,10.0
0,scratch,student,75,low_score_rescue_10,2,0.925,0.98,0.14497419,0.055,0.8206632653061225,0.4833676013430854,10.0
0,scratch,student,75,low_score_rescue_10,3,0.92,0.98,0.1602938,0.06,0.8212755102040816,0.49421614342167675,10.0
0,scratch,student,75,low_score_rescue_10,4,0.91,0.98,0.21390724,0.07,0.82,0.4870843443168462,10.0
0,scratch,student,75,random_matched,0,0.89,0.98,0.24739288,0.09,0.8220408163265307,0.48982013090346643,7.03
0,scratch,student,75,random_matched,1,0.915,0.98,0.2190212,0.065,0.8217346938775509,0.4913929233136206,7.03
0,scratch,student,75,random_matched,2,0.925,0.98,0.18836834,0.055,0.8230612244897959,0.48953283392356034,7.03
0,scratch,student,75,random_matched,3,0.92,0.98,0.18544933,0.065,0.8206122448979591,0.48013973814460453,7.03
0,scratch,student,75,random_matched,4,0.915,0.98,0.18822765,0.065,0.8221938775510205,0.4926802249042687,7.03
0,scratch,student,100,student,0,0.905,0.98,0.21298122,0.075,0.8190816326530611,0.4831366734879809,0.0
0,scratch,student,100,student,1,0.905,0.98,0.21298122,0.075,0.8190816326530611,0.4831366734879809,0.0
0,scratch,student,100,student,2,0.905,0.98,0.21298122,0.075,0.8190816326530611,0.4831366734879809,0.0
0,scratch,student,100,student,3,0.905,0.98,0.21298122,0.075,0.8190816326530611,0.4831366734879809,0.0
0,scratch,student,100,student,4,0.905,0.98,0.21298122,0.075,0.8190816326530611,0.4831366734879809,0.0
0,scratch,student,100,random,0,0.95,0.98,0.07085513,0.03,0.8246938775510205,0.48994748795493875,0.0
0,scratch,student,100,random,1,0.965,0.98,0.06002661,0.02,0.8235204081632653,0.4946262972715817,0.0
0,scratch,student,100,random,2,0.945,0.98,0.086035594,0.035,0.8219387755102041,0.47777470733476307,0.0
0,scratch,student,100,random,3,0.93,0.98,0.11281219,0.05,0.822857142857143,0.4756299304983063,0.0
0,scratch,student,100,random,4,0.945,0.98,0.12285635,0.04,0.8268877551020407,0.5175266882325791,0.0
0,scratch,student,100,random_rescue_10,0,0.93,0.98,0.1330321,0.05,0.8208673469387756,0.4955564253959521,10.0
0,scratch,student,100,random_rescue_10,1,0.925,0.98,0.16975456,0.055,0.8204591836734694,0.501480338235336,10.0
0,scratch,student,100,random_rescue_10,2,0.905,0.98,0.20807211,0.075,0.8190816326530613,0.4770886826509963,10.0
0,scratch,student,100,random_rescue_10,3,0.92,0.98,0.17841038,0.06,0.8195918367346939,0.4805199315480769,10.0
0,scratch,student,100,random_rescue_10,4,0.89,0.98,0.23484966,0.095,0.8204081632653062,0.48416723750397445,10.0
0,scratch,student,100,foreground_rescue_10,0,0.92,0.98,0.14025775,0.06,0.7481122448979591,0.16701909056225514,6.955
0,scratch,student,100,foreground_rescue_10,1,0.93,0.98,0.14145842,0.05,0.7481122448979591,0.16701909056225514,6.955
0,scratch,student,100,foreground_rescue_10,2,0.93,0.98,0.13573314,0.05,0.7481122448979591,0.16701909056225514,6.955
0,scratch,student,100,foreground_rescue_10,3,0.925,0.98,0.13993706,0.055,0.7481122448979591,0.16701909056225514,6.955
0,scratch,student,100,foreground_rescue_10,4,0.93,0.98,0.1567832,0.05,0.7481122448979591,0.16701909056225514,6.955
0,scratch,student,100,low_score_rescue_10,0,0.91,0.98,0.2063592,0.07,0.8183673469387756,0.4804113343198209,10.0
0,scratch,student,100,low_score_rescue_10,1,0.925,0.98,0.17916061,0.055,0.8188265306122449,0.46115858853260633,10.0
0,scratch,student,100,low_score_rescue_10,2,0.925,0.98,0.1857368,0.055,0.8186224489795919,0.47353503474926467,10.0
0,scratch,student,100,low_score_rescue_10,3,0.915,0.98,0.17897059,0.065,0.8189285714285716,0.47846676385780773,10.0
0,scratch,student,100,low_score_rescue_10,4,0.915,0.98,0.18204841,0.065,0.8183673469387756,0.479766568938106,10.0
0,scratch,student,100,random_matched,0,0.9,0.98,0.23024659,0.08,0.8171938775510205,0.4733371604910492,6.955
0,scratch,student,100,random_matched,1,0.91,0.98,0.19742692,0.07,0.8171938775510205,0.47763270388102685,6.955
0,scratch,student,100,random_matched,2,0.92,0.98,0.20756195,0.065,0.8197448979591837,0.47882045573521587,6.955
0,scratch,student,100,random_matched,3,0.905,0.98,0.21425436,0.075,0.8181122448979591,0.47295997290719904,6.955
0,scratch,student,100,random_matched,4,0.915,0.98,0.18705277,0.065,0.8194387755102039,0.48199017918124637,6.955
